# This file uses meters as units for non-parametric coordinates.

g default
v 3.658817 0.888290 4.784066
v 3.858817 0.888290 4.784066
v 3.658817 0.956802 4.596169
v 4.358819 0.956802 4.596169
v 4.058816 0.751297 5.159865
v 4.358819 0.545761 5.723572
v 3.858817 0.614273 5.535676
v 3.658816 0.545761 5.723573
v 3.658817 0.614273 5.535676
v 3.858817 0.751297 5.159867
v 3.858817 0.287003 4.564851
v 2.858817 0.287003 4.564851
v 3.858817 0.517441 5.377961
v 3.858817 0.012985 5.316453
v 3.858817 0.188614 5.258080
v 3.858817 0.150009 4.940651
v 3.858817 0.712692 4.842446
v 3.858817 0.383865 4.722558
v 2.858817 0.012985 5.316453
v 4.358819 0.476700 4.902543
v 4.058816 0.476700 4.902541
v 4.358819 0.450638 4.900262
v 4.058816 0.450638 4.900261
v 4.358819 0.424606 4.902543
v 4.058816 0.424606 4.902541
v 4.358819 0.399338 4.909310
v 4.058816 0.399338 4.909309
v 4.358819 0.375656 4.920358
v 4.058816 0.375656 4.920357
v 4.358819 0.354233 4.935357
v 4.058816 0.354233 4.935356
v 4.358819 0.335739 4.953842
v 4.058816 0.335739 4.953842
v 4.358819 0.320755 4.975259
v 4.058816 0.320755 4.975258
v 4.358819 0.309677 4.998955
v 4.058816 0.309677 4.998955
v 4.358819 0.302933 5.024216
v 4.058816 0.302933 5.024216
v 4.358819 0.300644 5.050262
v 4.058816 0.300644 5.050262
v 4.358819 0.302933 5.076309
v 4.058816 0.302933 5.076309
v 4.358819 0.309677 5.101563
v 4.058816 0.309677 5.101563
v 4.358819 0.320755 5.125258
v 4.058816 0.320755 5.125258
v 4.358819 0.335739 5.146675
v 4.058816 0.335739 5.146675
v 4.358819 0.354233 5.165169
v 4.058816 0.354233 5.165169
v 4.358819 0.375656 5.180161
v 4.058816 0.375656 5.180161
v 4.358819 0.399338 5.191216
v 4.058816 0.399338 5.191216
v 4.358819 0.424606 5.197983
v 4.058816 0.424606 5.197983
v 4.358819 0.450638 5.200264
v 4.058816 0.450638 5.200264
v 4.358819 0.476700 5.197983
v 4.058816 0.476700 5.197983
v 4.358819 0.501938 5.191216
v 4.058816 0.501938 5.191216
v 4.358819 0.525650 5.180161
v 4.058816 0.525650 5.180161
v 4.358819 0.547073 5.165169
v 4.058816 0.547073 5.165169
v 4.358819 0.565567 5.146675
v 4.058816 0.565567 5.146675
v 4.358819 0.580551 5.125258
v 4.058816 0.580551 5.125258
v 4.358819 0.591599 5.101563
v 4.058816 0.591599 5.101563
v 4.358819 0.598373 5.076309
v 4.058816 0.598373 5.076309
v 4.358819 0.600632 5.050262
v 4.058816 0.600632 5.050262
v 4.358819 0.598373 5.024216
v 4.058816 0.598373 5.024216
v 4.358819 0.591599 4.998955
v 4.058816 0.591599 4.998955
v 4.358819 0.580551 4.975259
v 4.058816 0.580551 4.975258
v 4.358819 0.565567 4.953842
v 4.058816 0.565567 4.953842
v 4.358819 0.547073 4.935357
v 4.058816 0.547073 4.935356
v 4.358819 0.525650 4.920358
v 4.058816 0.525650 4.920357
v 4.358819 0.501938 4.909310
v 4.058816 0.501938 4.909309
v 2.858817 0.355515 4.376945
v 2.858817 -0.055527 5.504357
v -5.741182 0.715164 3.390464
v -5.741182 -0.415176 6.490837
v 4.358819 -0.415176 6.490837
v 4.358819 -0.055527 5.504357
v 4.358819 0.355515 4.376944
v 4.358819 0.715164 3.390465
v 4.058816 0.150009 4.940651
v 4.058816 0.383865 4.722557
v 4.058816 0.188614 5.258080
v 4.058816 0.517441 5.377961
v 4.058816 0.712692 4.842445
v 4.358819 -1.041702 2.749935
v 4.358819 0.273605 3.229476
v 2.358817 -1.041702 2.749935
v 2.358817 0.273605 3.229476
v 4.358819 -1.144455 3.031786
v 2.358817 -1.144455 3.031788
v 2.358817 0.170853 3.511330
v 4.358819 -2.172043 5.850311
v 4.358819 -2.069290 5.568459
v 2.358817 -2.172043 5.850312
v 2.358817 -2.069290 5.568460
v 4.358819 -0.856735 6.329848
v 2.358817 -0.856735 6.329850
v 2.358817 -0.753983 6.047997
v 4.358819 0.338516 1.976784
v 4.358819 -0.117508 1.848300
v 4.358819 -0.603897 1.802215
v 4.358819 -1.323563 2.647174
v 4.358819 -1.272659 3.091484
v 4.358819 -0.895096 6.659400
v 4.358819 -2.217270 6.177361
v 4.358819 -2.453903 5.747551
v 4.358819 -2.351151 5.465698
v 4.358819 -2.128983 5.440254
v 4.358819 -2.107468 5.235229
v 4.358819 -2.060471 5.252349
v 4.358819 -1.341171 3.279388
v 4.358819 -1.388138 3.262260
v 4.358819 -1.426315 2.929028
v 4.358819 -0.573563 1.719818
v -5.441182 -0.753983 6.047997
v -5.441182 -2.069290 5.568460
v -5.441182 0.170853 3.511329
v -5.441182 -2.107468 5.235230
v -5.441182 -1.388138 3.262260
v -5.441182 -2.060471 5.252351
v -5.441182 -1.341171 3.279389
v -5.441182 -1.144455 3.031787
v -5.441182 -1.272659 3.091484
v -5.441182 -2.128983 5.440255
v -5.741182 -2.107468 5.235230
v -5.741181 -1.388138 3.262260
v -5.741181 -0.304184 3.018821
v -5.741181 -0.813858 2.833000
v -5.741182 -2.351151 5.465699
v -5.741182 -2.217270 6.177361
v -5.741182 -0.895096 6.659402
v -5.741182 -2.453903 5.747552
v -5.741182 0.205490 3.204643
v -5.741182 -1.323563 2.647174
v -5.741182 -1.426315 2.929027
v 1.544868 0.150009 0.161684
v 1.128938 0.150009 -0.185677
v 1.518817 0.150009 0.159405
v 1.001157 0.150009 -0.144705
v 1.492774 0.150009 0.161684
v 0.871885 0.150009 -0.108719
v 0.741313 0.150009 -0.077774
v 1.570121 0.150009 0.168451
v 1.379253 0.150009 -0.282322
v 1.255033 0.150009 -0.231571
v 1.593818 0.150009 0.179501
v 2.183818 0.150009 0.307862
v 1.501416 0.150009 -0.337849
v 1.615236 0.150009 0.194498
v 1.633724 0.150009 0.212986
v 1.648723 0.150009 0.234404
v 1.659772 0.150009 0.258102
v 1.666538 0.150009 0.283356
v 1.668819 0.150009 0.309402
v 1.666538 0.150009 0.335453
v 1.659772 0.150009 0.360706
v 1.648723 0.150009 0.384403
v 1.633724 0.150009 0.405823
v 1.615236 0.150009 0.424313
v 1.593818 0.150009 0.439308
v 1.570121 0.150009 0.450359
v 2.857478 0.150009 1.269310
v 1.544864 0.150009 0.457127
v 1.518817 0.150009 0.459404
v 1.492774 0.150009 0.457127
v -2.839842 0.150009 1.269310
v -1.475136 0.150009 0.457127
v -1.501183 0.150009 0.459404
v -1.449877 0.150009 0.450359
v 1.467515 0.150009 0.450359
v -1.426181 0.150009 0.439308
v 1.443818 0.150009 0.439308
v 1.422405 0.150009 0.424313
v -1.404767 0.150009 0.424313
v 1.403911 0.150009 0.405823
v -1.386275 0.150009 0.405822
v 1.388917 0.150009 0.384403
v -1.371279 0.150009 0.384403
v 1.377864 0.150009 0.360706
v -1.360226 0.150009 0.360706
v -0.058276 0.150009 0.000000
v -1.353463 0.150009 0.335453
v -1.351180 0.150009 0.309402
v -0.192364 0.150009 -0.005203
v -1.353463 0.150009 0.283355
v -1.360228 0.150009 0.258102
v -0.326146 0.150009 -0.015600
v -1.371279 0.150009 0.234404
v -0.459429 0.150009 -0.031179
v -1.386275 0.150009 0.212986
v -1.404767 0.150009 0.194498
v -0.592007 0.150009 -0.051914
v -1.426182 0.150009 0.179500
v -1.449877 0.150009 0.168451
v -0.723677 0.150009 -0.077774
v -1.475136 0.150009 0.161684
v -0.854247 0.150009 -0.108719
v -0.983519 0.150009 -0.144705
v 0.075910 0.150009 0.000000
v 1.371097 0.150009 0.335453
v 1.368818 0.150009 0.309403
v 0.210002 0.150009 -0.005203
v 1.371097 0.150009 0.283356
v 1.377864 0.150009 0.258102
v 0.343784 0.150009 -0.015600
v 1.388917 0.150009 0.234404
v 0.477067 0.150009 -0.031179
v 1.403911 0.150009 0.212986
v 1.422405 0.150009 0.194498
v 0.609645 0.150009 -0.051914
v 1.443818 0.150009 0.179501
v 1.467515 0.150009 0.168451
v -1.501179 0.150009 0.159405
v -1.111300 0.150009 -0.185677
v -1.527230 0.150009 0.161684
v -1.237399 0.150009 -0.231571
v -1.361617 0.150009 -0.282322
v -1.527230 0.150009 0.457127
v -1.552487 0.150009 0.450359
v -2.166182 0.150009 0.307862
v -1.576184 0.150009 0.439308
v -1.597600 0.150009 0.424313
v -1.616088 0.150009 0.405822
v -1.631087 0.150009 0.384403
v -1.642138 0.150009 0.360706
v -1.648900 0.150009 0.335453
v -1.651183 0.150009 0.309402
v -1.648900 0.150009 0.283355
v -1.642138 0.150009 0.258102
v -1.631087 0.150009 0.234404
v -1.616088 0.150009 0.212986
v -1.597600 0.150009 0.194498
v -1.576184 0.150009 0.179500
v -1.552487 0.150009 0.168451
v -1.483779 0.150009 -0.337849
v -1.603692 0.150009 -0.398073
v -1.721181 0.150009 -0.462900
v 1.738816 0.150009 -0.462900
v 1.621326 0.150009 -0.398073
v -2.349380 -0.150009 0.569308
v 1.492774 -0.150009 0.457127
v 2.367015 -0.150009 0.569310
v 1.518817 -0.150009 0.459404
v 1.544864 -0.150009 0.457127
v -2.166182 -0.150009 0.307861
v -1.616086 -0.150009 0.405822
v -1.597600 -0.150009 0.424313
v -1.576184 -0.150009 0.439308
v -1.721181 -0.150009 -0.462900
v -1.603692 -0.150009 -0.398073
v -1.483779 -0.150009 -0.337849
v -1.361617 -0.150009 -0.282322
v -1.237399 -0.150009 -0.231571
v -1.527230 -0.150009 0.161684
v -1.552487 -0.150009 0.168451
v -1.576184 -0.150009 0.179500
v -1.597600 -0.150009 0.194498
v -1.111300 -0.150009 -0.185677
v -1.501183 -0.150009 0.159405
v -0.983519 -0.150009 -0.144705
v -0.854247 -0.150009 -0.108719
v -0.723677 -0.150009 -0.077774
v -1.475136 -0.150009 0.161684
v -0.592007 -0.150009 -0.051914
v -1.449877 -0.150009 0.168451
v -0.459429 -0.150009 -0.031179
v -1.426181 -0.150009 0.179500
v -0.326146 -0.150009 -0.015600
v -1.404767 -0.150009 0.194498
v -1.386275 -0.150009 0.212986
v -0.192364 -0.150009 -0.005203
v -1.371279 -0.150009 0.234404
v -1.360228 -0.150009 0.258102
v -0.058276 -0.150009 0.000000
v -1.353463 -0.150009 0.283355
v -1.351180 -0.150009 0.309402
v 1.368818 -0.150009 0.309402
v -1.353463 -0.150009 0.335453
v 1.371097 -0.150009 0.335453
v -1.360226 -0.150009 0.360706
v 1.377864 -0.150009 0.360706
v -1.371279 -0.150009 0.384403
v 1.388917 -0.150009 0.384403
v -1.386275 -0.150009 0.405822
v 1.403911 -0.150009 0.405823
v -1.404767 -0.150009 0.424313
v 1.422405 -0.150009 0.424313
v -1.426181 -0.150009 0.439308
v 1.443818 -0.150009 0.439309
v -1.449877 -0.150009 0.450359
v 1.467515 -0.150009 0.450359
v -1.475136 -0.150009 0.457127
v 0.075910 -0.150009 0.000000
v 1.371097 -0.150009 0.283356
v 1.377864 -0.150009 0.258102
v 0.210002 -0.150009 -0.005203
v 1.388917 -0.150009 0.234404
v 1.403911 -0.150009 0.212986
v 0.343784 -0.150009 -0.015600
v 1.422401 -0.150009 0.194498
v 1.443818 -0.150009 0.179501
v 0.477067 -0.150009 -0.031179
v 1.467515 -0.150009 0.168451
v 0.609645 -0.150009 -0.051914
v 1.492774 -0.150009 0.161684
v 0.741313 -0.150009 -0.077774
v 1.518817 -0.150009 0.159405
v 0.871885 -0.150009 -0.108719
v 1.001157 -0.150009 -0.144705
v 1.128938 -0.150009 -0.185677
v 1.544868 -0.150009 0.161684
v 1.255033 -0.150009 -0.231571
v 1.379253 -0.150009 -0.282322
v 1.501416 -0.150009 -0.337849
v 2.183818 -0.150009 0.307862
v 1.570121 -0.150009 0.168451
v 1.621326 -0.150009 -0.398073
v 1.738819 -0.150009 -0.462900
v 1.633724 -0.150009 0.405823
v 1.648723 -0.150009 0.384403
v 1.659772 -0.150009 0.360706
v 1.570121 -0.150009 0.450359
v 1.593818 -0.150009 0.439308
v 1.615236 -0.150009 0.424313
v 1.666538 -0.150009 0.335453
v 1.668819 -0.150009 0.309402
v 1.666538 -0.150009 0.283356
v 1.659772 -0.150009 0.258102
v 1.648723 -0.150009 0.234404
v 1.633724 -0.150009 0.212986
v 1.615236 -0.150009 0.194498
v 1.593818 -0.150009 0.179501
v -1.616088 -0.150009 0.212986
v -1.631087 -0.150009 0.234404
v -1.642138 -0.150009 0.258102
v -1.648900 -0.150009 0.283355
v -1.651183 -0.150009 0.309402
v -1.648900 -0.150009 0.335453
v -1.642138 -0.150009 0.360706
v -1.631087 -0.150009 0.384403
v -1.552487 -0.150009 0.450359
v -1.527230 -0.150009 0.457127
v -1.501183 -0.150009 0.459404
v -2.839842 0.074997 1.269310
v -2.839842 0.000015 1.269310
v -2.839842 -0.074997 1.269310
v -2.839842 -0.150009 1.269310
v -2.839842 -0.214432 1.269310
v -2.839842 -0.278854 1.269310
v -2.839842 -0.343277 1.269310
v -2.839842 -0.407700 1.269310
v 2.857478 0.000015 1.269310
v 2.857478 -0.150009 1.269310
v 2.857480 -0.278854 1.269310
v 2.857484 -0.407700 1.269310
v -5.581173 -1.073959 2.638016
v -5.581173 -1.249741 2.574470
v -5.421164 -1.185486 2.498291
v -5.421164 -1.018372 2.558128
v -5.581173 -0.722366 2.765110
v -5.421164 -0.684113 2.677803
v -5.581173 -0.546555 2.828655
v -5.421164 -0.516998 2.737640
v -5.581173 -0.370773 2.892204
v -5.421164 -0.349884 2.797478
v -5.581173 -0.019180 3.019294
v -5.421164 -0.015656 2.917152
v -5.581173 0.332413 3.146388
v -5.421164 0.318604 3.036826
v -5.015843 0.573868 2.860176
v -4.653180 0.503235 2.595032
v -4.781125 0.263321 2.598572
v -4.941136 0.277145 2.708134
v -5.101145 0.290955 2.817698
v -4.941136 -0.005020 2.610713
v -5.101145 -0.008575 2.712860
v -4.941136 -0.287216 2.513294
v -5.101145 -0.308105 2.608020
v -4.941136 -0.428299 2.464584
v -5.101145 -0.457855 2.555603
v -4.941136 -0.569382 2.415874
v -5.101145 -0.607635 2.503185
v -4.941136 -0.851578 2.318454
v -5.101145 -0.907166 2.398346
v -4.941136 -0.992661 2.269745
v -5.101145 -1.056915 2.345927
v -4.851573 -0.963730 2.224697
v -5.261155 -1.121216 2.422107
v -4.290513 0.432587 2.329887
v -4.461107 0.235687 2.379443
v -4.621115 0.249527 2.489006
v -4.621115 0.002060 2.406425
v -4.781125 -0.001480 2.508571
v -4.621115 -0.245438 2.323841
v -4.781125 -0.266312 2.418567
v -4.621115 -0.369156 2.282550
v -4.781125 -0.398727 2.373569
v -4.621115 -0.492905 2.241256
v -4.781125 -0.531143 2.328568
v -4.621115 -0.740372 2.158676
v -4.781125 -0.795975 2.238567
v -4.621115 -0.864120 2.117381
v -4.781125 -0.928391 2.193565
v -4.141087 0.208069 2.160316
v -3.927844 0.361938 2.064743
v -3.981080 0.194260 2.050755
v -3.821069 0.180435 1.941188
v -3.821069 0.019730 1.895699
v -3.661059 0.023270 1.793552
v -3.661059 -0.120071 1.755478
v -3.501054 -0.099182 1.660751
v -3.501054 -0.162201 1.645424
v -3.341044 -0.132629 1.554409
v -3.341044 -0.186951 1.542789
v -3.181035 -0.148712 1.455478
v -3.181035 -0.239990 1.439662
v -3.010442 -0.180710 1.354485
v -3.010442 -0.217117 1.350533
v -3.010442 -0.253525 1.346577
v -3.010442 -0.289902 1.342621
v -3.010442 -0.326309 1.338668
v -3.181035 -0.376953 1.415936
v -3.181035 -0.422577 1.408024
v -3.298478 -0.477234 1.458194
v -3.264781 -0.471222 1.441841
v -3.232579 -0.465546 1.426403
v -3.201809 -0.460175 1.411854
v -3.172416 -0.455139 1.398151
v -3.010442 -0.362717 1.334713
v -3.565176 0.291290 1.799599
v -3.661061 0.166611 1.831627
v -3.501054 0.026794 1.691406
v -3.341044 -0.078308 1.566024
v -3.181035 -0.103058 1.463390
v -3.010442 -0.107925 1.362396
v -3.501054 0.152802 1.722061
v -3.383843 0.255966 1.667027
v -3.341044 0.138977 1.612499
v -3.202511 0.220657 1.534454
v -3.181035 0.125183 1.502933
v -3.021177 0.185333 1.401882
v -3.010442 0.110428 1.386124
v -3.010442 0.037643 1.378212
v -3.010442 -0.035141 1.370304
v -3.010442 -0.071548 1.366348
v -3.181035 -0.057404 1.471299
v -2.972669 -0.423645 1.312660
v -3.010442 -0.399094 1.330757
v -3.091847 -0.441742 1.361816
v -3.117497 -0.445923 1.373165
v -2.882328 -0.412094 1.281292
v -2.926746 -0.417465 1.295876
v -3.019670 -0.430481 1.331230
v -3.067323 -0.437836 1.351185
v -3.144331 -0.450394 1.385265
v -3.341044 -0.458557 1.484699
v -3.333735 -0.483612 1.475498
v -3.370610 -0.490341 1.493790
v -3.409169 -0.497452 1.513092
v -3.449471 -0.504929 1.533451
v -3.341044 -0.404236 1.496315
v -3.501054 -0.477203 1.568785
v -3.501054 -0.414185 1.584114
v -3.661059 -0.478470 1.660297
v -3.661059 -0.406784 1.679332
v -3.821069 -0.462387 1.759223
v -3.821069 -0.301682 1.804714
v -3.981078 -0.339920 1.892025
v -3.981078 -0.250900 1.918480
v -4.141087 -0.280457 2.009494
v -4.141087 -0.182770 2.039660
v -4.461107 -0.224548 2.229114
v -4.461107 0.005585 2.304279
v -3.491580 -0.512833 1.554890
v -3.535556 -0.521133 1.577446
v -3.581462 -0.529877 1.601150
v -3.629359 -0.539032 1.626041
v -3.679311 -0.548645 1.652149
v -3.731375 -0.558716 1.679504
v -3.821069 -0.542740 1.736476
v -3.785620 -0.569244 1.708145
v -3.842104 -0.580276 1.738102
v -3.900889 -0.591797 1.769409
v -3.961970 -0.603882 1.802214
v -3.981080 -0.607010 1.812660
v -4.141087 -0.671295 1.888840
v -4.141087 -0.573578 1.919002
v -4.461107 -0.684784 2.078784
v -4.461107 -0.454651 2.153949
v -4.406771 -0.783798 2.013454
v -4.461110 -0.799835 2.041203
v -5.261155 0.304779 2.927261
v -5.261155 -0.012115 2.815006
v -5.261155 -0.328979 2.702746
v -5.261155 -0.487427 2.646622
v -5.261155 -0.645874 2.590492
v -5.261155 -0.962769 2.478237
v -4.461107 -0.339600 2.191532
v -4.141087 0.012665 2.099987
v -3.981078 -0.161880 1.944934
v -3.821069 -0.221329 1.827461
v -3.661059 -0.263443 1.717407
v -3.501054 -0.351196 1.599442
v -3.341044 -0.349915 1.507934
v -3.181035 -0.331299 1.423843
v -3.981078 0.016190 1.997844
v -4.141087 -0.378174 1.979331
v -3.981078 -0.517990 1.839115
v -3.821069 -0.140976 1.850207
v -3.661059 -0.191757 1.736443
v -3.501054 -0.225189 1.630096
v -3.341044 -0.295593 1.519554
v -3.181035 -0.285645 1.431751
v -3.341044 0.030334 1.589264
v -3.181035 0.033875 1.487118
v 4.225175 -0.556778 1.674282
v 4.095056 -0.540604 1.630310
v 4.031610 -0.532761 1.609020
v 3.969388 -0.525101 1.588249
v 3.908515 -0.517685 1.568042
v 3.849103 -0.510452 1.548439
v 3.791276 -0.503494 1.529484
v 3.735135 -0.496750 1.511219
v 3.680803 -0.490311 1.493690
v 3.628312 -0.484116 1.476910
v 3.577319 -0.478165 1.460758
v 3.527753 -0.472458 1.445221
v 3.479596 -0.466965 1.430298
v 3.432834 -0.461685 1.415989
v 3.387439 -0.456650 1.402290
v 3.343395 -0.451828 1.389202
v 3.300685 -0.447250 1.376720
v 3.259279 -0.442856 1.364849
v 3.219165 -0.438736 1.353584
v 3.180324 -0.434799 1.342922
v 3.142728 -0.431107 1.332863
v 3.106366 -0.427628 1.323406
v 3.071216 -0.424362 1.314552
v 3.037254 -0.421310 1.306298
v 3.004468 -0.418503 1.298641
v 2.972825 -0.415909 1.291581
v 2.912925 -0.411362 1.279252
v 3.983477 0.291367 1.799916
v 3.608146 0.244247 1.623045
v 3.232814 0.197128 1.446178
v 3.045146 0.173569 1.357743
v 4.264936 0.128067 1.877822
v 4.264936 0.194290 1.896061
v 4.264940 0.260513 1.914302
v 4.171052 0.251572 1.871280
v 4.077173 0.242630 1.828255
v 3.983472 0.233688 1.785316
v 4.077173 0.182114 1.812450
v 3.983455 0.176010 1.770718
v 4.077173 0.121567 1.796643
v 3.983442 0.118332 1.756118
v 4.077173 0.061050 1.780834
v 3.983426 0.060654 1.741520
v 4.077173 0.000534 1.765030
v 3.983415 0.002975 1.726921
v 4.077173 -0.059982 1.749221
v 3.983402 -0.054703 1.712326
v 4.077173 -0.120499 1.733414
v 3.983390 -0.112381 1.697727
v 4.077173 -0.181015 1.717606
v 3.983375 -0.170059 1.683132
v 4.077173 -0.302078 1.685993
v 3.983344 -0.285416 1.653942
v 4.077173 -0.423111 1.654381
v 3.983318 -0.400742 1.624749
v 3.983293 -0.516098 1.595562
v 3.889405 -0.488052 1.568352
v 4.264936 -0.335403 1.750141
v 4.264936 -0.202988 1.786621
v 4.264936 -0.136765 1.804859
v 4.171052 -0.128647 1.769138
v 4.171052 -0.065262 1.786160
v 4.264936 -0.467850 1.713658
v 4.171052 -0.445480 1.684021
v 3.842466 -0.474014 1.554752
v 3.795524 -0.459976 1.541149
v 3.701642 -0.431931 1.513942
v 3.701642 -0.481064 1.503002
v 3.607804 -0.403885 1.486748
v 3.607780 -0.450150 1.477016
v 3.513974 -0.375839 1.459556
v 3.513974 -0.419296 1.451050
v 3.420192 -0.347794 1.432377
v 3.420192 -0.388412 1.425086
v 3.326407 -0.319778 1.405201
v 3.326407 -0.357529 1.399124
v 3.232667 -0.291763 1.378036
v 3.232652 -0.326675 1.373169
v 3.138835 -0.263718 1.350846
v 3.138835 -0.295792 1.347198
v 3.045077 -0.235703 1.323673
v 3.045072 -0.264938 1.321243
v 2.951261 -0.207657 1.296490
v 2.951261 -0.234055 1.295273
v 2.951261 -0.260422 1.294056
v 2.951261 -0.311142 1.291722
v 2.951261 -0.361862 1.289387
v 3.045055 -0.406509 1.309464
v 3.045061 -0.350327 1.314137
v 3.138835 -0.389511 1.336545
v 3.045072 -0.294174 1.318810
v 3.138835 -0.327866 1.343552
v 3.513974 -0.462723 1.442539
v 3.420192 -0.429001 1.417793
v 3.326407 -0.395309 1.393047
v 3.232642 -0.361588 1.368305
v 3.232621 -0.428696 1.358959
v 2.951261 -0.102097 1.301350
v 2.951261 -0.154892 1.298920
v 2.951261 0.082626 1.309856
v 2.951261 0.056229 1.308644
v 2.951261 0.029831 1.307427
v 3.045122 0.027390 1.345574
v 3.045118 -0.001846 1.343140
v 3.138835 -0.007126 1.380016
v 3.138835 -0.039200 1.376369
v 3.232739 -0.047318 1.412101
v 3.232730 -0.082260 1.407234
v 3.326407 -0.093216 1.441662
v 3.326407 -0.168747 1.429508
v 3.420192 -0.185379 1.461548
v 3.420192 -0.266586 1.446964
v 3.513974 -0.288925 1.476574
v 2.951261 0.135391 1.312291
v 2.951261 0.108994 1.311074
v 3.045133 0.085861 1.350441
v 3.045127 0.056625 1.348008
v 3.138835 0.057022 1.387306
v 3.138835 0.024948 1.383659
v 3.232759 0.022507 1.421837
v 3.232749 -0.012405 1.416969
v 3.326407 -0.017685 1.453819
v 3.326407 -0.055435 1.447742
v 3.420192 -0.063583 1.483426
v 3.420192 -0.104172 1.476135
v 3.513974 -0.115158 1.510605
v 3.513974 -0.202042 1.493587
v 3.607902 -0.218735 1.525677
v 3.607852 -0.311295 1.506210
v 3.701642 -0.333664 1.535820
v 3.138835 0.153244 1.398247
v 3.045142 0.144333 1.355309
v 3.045136 0.115097 1.352875
v 3.420192 0.180038 1.527184
v 3.326404 0.171127 1.484203
v 3.232801 0.162216 1.441307
v 3.326407 0.133347 1.478126
v 3.232791 0.127274 1.436440
v 3.326407 0.095596 1.472049
v 3.232780 0.092361 1.431571
v 3.326407 0.057846 1.465973
v 3.232770 0.057419 1.426704
v 3.326407 0.020065 1.459896
v 3.795524 0.215805 1.699184
v 3.701642 0.206863 1.656162
v 3.608121 0.197952 1.613308
v 3.701642 0.157730 1.645222
v 3.608096 0.151657 1.603565
v 3.701642 0.108597 1.634281
v 3.608073 0.105331 1.593830
v 3.701642 0.059433 1.623344
v 3.608049 0.059036 1.584091
v 3.701642 0.010300 1.612403
v 3.608024 0.012741 1.574352
v 3.701642 -0.038834 1.601463
v 3.607999 -0.033554 1.564617
v 3.701642 -0.087967 1.590523
v 3.607974 -0.079849 1.554882
v 3.701642 -0.137100 1.579582
v 3.607951 -0.126144 1.545147
v 3.701642 -0.235367 1.557702
v 3.889405 0.224747 1.742210
v 3.889407 0.169907 1.728836
v 3.889407 0.115067 1.715462
v 3.889407 0.060257 1.702087
v 3.889407 0.005417 1.688717
v 3.889407 -0.049393 1.675343
v 3.889407 -0.104233 1.661968
v 3.889407 -0.159073 1.648594
v 3.889407 -0.268723 1.621849
v 3.889407 -0.378372 1.595100
v 3.842466 0.220261 1.720699
v 3.842466 0.166855 1.707931
v 3.842466 0.113449 1.695167
v 3.842466 0.060043 1.682403
v 3.842466 0.006638 1.669636
v 3.842466 -0.046768 1.656871
v 3.842466 -0.100174 1.644108
v 3.842466 -0.153580 1.631340
v 3.842466 -0.260391 1.605813
v 3.842466 -0.367203 1.580280
v 3.513974 0.188980 1.570160
v 3.513974 0.145523 1.561653
v 3.513974 0.102097 1.553146
v 3.513974 0.058640 1.544636
v 3.513974 0.015182 1.536129
v 3.513974 -0.028244 1.527622
v 3.513974 -0.071701 1.519112
v 3.420192 0.139450 1.519890
v 3.420192 0.098831 1.512596
v 3.420192 0.058243 1.505306
v 3.420192 0.017624 1.498013
v 3.420192 -0.022964 1.490719
v 3.138835 0.121170 1.394600
v 3.138835 0.089096 1.390953
v 4.171052 -0.318741 1.718067
v 4.171052 -0.192001 1.752113
v 4.264936 -0.070572 1.823101
v 4.264936 -0.004349 1.841339
v 4.264936 0.061874 1.859581
v 4.171052 0.061447 1.820209
v 4.171052 0.124832 1.837230
v 4.171052 -0.001907 1.803185
v 4.171052 0.188187 1.854255
v 3.795524 0.163803 1.687030
v 3.795524 0.111832 1.674873
v 3.795524 0.059860 1.662716
v 3.795524 0.007858 1.650558
v 3.795524 -0.044113 1.638401
v 3.795524 -0.096115 1.626244
v 3.795524 -0.148087 1.614090
v 3.795524 -0.252060 1.589775
v 3.795524 -0.356003 1.565461
v 3.326407 -0.244247 1.417355
v 3.232684 -0.221939 1.387768
v 3.138835 -0.199570 1.358135
v 3.045087 -0.177231 1.328541
v 3.232707 -0.152084 1.397499
v 3.138835 -0.071274 1.372723
v 3.045112 -0.031082 1.340706
v 2.951261 0.003433 1.306214
v 3.138835 -0.135422 1.365429
v 3.045097 -0.118759 1.333408
v 3.045108 -0.060318 1.338273
v 2.951261 -0.022934 1.304997
v 2.951261 -0.049332 1.303780
v 4.408819 0.338516 1.976784
v 4.408819 0.110489 1.912540
v 4.358816 0.338516 1.976784
v 4.408819 -0.117508 1.848300
v 4.358816 -0.573563 1.719818
v 4.408819 -0.345535 1.784061
v 4.408819 -0.573563 1.719818
v 4.358819 -0.800949 6.030868
v 4.358816 -0.886581 6.265747
v 4.358816 -0.753983 6.047997
v 4.358816 -0.415176 6.490837
v 4.358816 -0.055527 5.504357
v 4.358816 -2.107956 5.820457
v 4.358816 -2.217270 6.177361
v 4.358816 -0.895096 6.659400
v 4.358816 -2.022324 5.585587
v 4.358816 -2.069290 5.568459
v 4.358816 -2.351151 5.465698
v 4.358816 -2.453903 5.747551
v 4.358816 -2.128983 5.440254
v 4.358816 -2.107468 5.235229
v 4.358816 -2.060471 5.252349
v 4.358816 0.545761 5.723572
v 4.358816 0.380234 5.182700
v 4.358816 0.362473 5.171616
v 4.358816 0.346451 5.158165
v 4.358819 0.956802 4.596169
v 4.358816 0.596176 5.086548
v 4.358816 0.589737 5.106453
v 4.358816 0.580551 5.125258
v 4.358816 0.355515 4.376944
v 4.358815 0.530136 4.923051
v 4.358815 0.547073 4.935357
v 4.358815 0.562119 4.949891
v 4.358816 0.715164 3.390466
v 4.358816 0.170853 3.511330
v 4.358816 0.307999 5.003906
v 4.358816 0.302933 5.024216
v 4.358816 0.300735 5.045029
v 4.358816 0.301468 5.065940
v 4.358816 0.305099 5.086548
v 4.358816 0.311569 5.106453
v 4.358816 0.320755 5.125258
v 4.358816 0.332443 5.142609
v 4.358816 0.209518 3.259322
v 4.358816 -0.603897 1.802215
v 4.358819 -1.011856 2.814037
v 4.358816 -1.323563 2.647176
v 4.358816 -1.144455 3.031788
v 4.358819 -1.272659 3.091484
v 4.358816 -1.426315 2.929028
v 4.358816 -1.388138 3.262260
v 4.358816 -1.341171 3.279388
v 4.358819 -1.097488 3.048912
v 4.358816 0.123886 3.494202
v 4.358815 0.429764 4.901719
v 4.358815 0.450638 4.900262
v 4.358815 0.471512 4.901719
v 4.358815 0.491989 4.906075
v 4.358815 0.511642 4.913232
v 4.358815 0.574997 4.966386
v 4.358815 0.585464 4.984506
v 4.358816 0.593307 5.003906
v 4.358816 0.598373 5.024216
v 4.358816 0.600540 5.045029
v 4.358816 0.599838 5.065940
v 4.358816 0.568832 5.142609
v 4.358816 0.554855 5.158165
v 4.358816 0.538803 5.171616
v 4.358816 0.521072 5.182700
v 4.358816 0.501938 5.191216
v 4.358816 0.481827 5.196983
v 4.358816 0.461105 5.199897
v 4.358816 0.440170 5.199897
v 4.358816 0.419449 5.196983
v 4.358816 0.399338 5.191216
v 4.358815 0.315811 4.984506
v 4.358815 0.326279 4.966386
v 4.358815 0.339188 4.949891
v 4.358815 0.354233 4.935357
v 4.358815 0.371170 4.923051
v 4.358815 0.389633 4.913232
v 4.358815 0.409286 4.906075
v 2.908818 -1.011856 2.814037
v 2.908818 -1.097488 3.048912
v 2.908818 0.209518 3.259323
v 2.908818 0.123886 3.494202
v 7.408818 0.020493 3.737342
v 7.408819 -0.723587 5.778238
v 7.108815 0.020493 3.737342
v 7.108816 -0.723587 5.778238
v 7.108815 -1.388138 3.262260
v 7.108819 -1.230637 3.600526
v 7.108815 -1.341171 3.279389
v 7.108815 -1.080887 3.335799
v 7.108815 -1.272659 3.091484
v 7.108815 -1.144455 3.031788
v 7.108819 0.170853 3.511330
v 7.108816 -0.753983 6.047998
v 7.108816 -1.824966 5.376693
v 7.108816 -1.769180 5.077712
v 7.108815 -2.107468 5.235230
v 7.108815 -2.060471 5.252351
v 7.108816 -2.128983 5.440256
v 7.108816 -2.069290 5.568460
v 7.108815 -1.722214 5.094842
v 7.108815 -1.183670 3.617652
v 7.408818 -1.183670 3.617652
v 7.408818 -1.080887 3.335799
v 7.408819 -1.824966 5.376694
v 7.408818 -1.722214 5.094842
v 7.408818 -1.769180 5.077714
v 7.408818 -1.230637 3.600526
v 2.908818 -2.022324 5.585588
v 2.908818 -2.107956 5.820458
v 2.908818 -0.886581 6.265748
v 2.908818 -0.800949 6.030869
v 4.908818 0.888290 4.784066
v 4.908818 0.956802 4.596169
v 4.708818 0.888290 4.784062
v 4.708818 0.614273 5.535674
v 4.908819 0.545761 5.723572
v 4.908819 0.614273 5.535675
v 5.708818 0.355515 4.376945
v 5.708818 0.287003 4.564851
v 5.708817 -0.055527 5.504357
v 4.708817 0.429764 4.901719
v 4.708817 0.450638 4.900262
v 4.708817 0.471512 4.901719
v 4.708817 0.491989 4.906075
v 4.708817 0.511642 4.913232
v 4.708817 0.530136 4.923051
v 4.708817 0.547073 4.935357
v 4.708817 0.562119 4.949891
v 4.708817 0.574997 4.966386
v 4.708817 0.585464 4.984506
v 4.708817 0.593307 5.003907
v 4.708817 0.598373 5.024217
v 4.708817 0.600540 5.045030
v 4.708817 0.599838 5.065942
v 4.708817 0.596176 5.086549
v 4.708817 0.589737 5.106454
v 4.708817 0.580551 5.125260
v 4.708817 0.568832 5.142610
v 4.708817 0.554855 5.158166
v 4.708817 0.538803 5.171617
v 4.708817 0.521072 5.182702
v 4.708817 0.501938 5.191216
v 4.708817 0.481827 5.196984
v 4.708817 0.461105 5.199899
v 4.708817 0.440170 5.199899
v 4.708817 0.419449 5.196984
v 4.708817 0.399338 5.191216
v 4.708817 0.380234 5.182702
v 4.708817 0.362473 5.171617
v 4.708817 0.346451 5.158166
v 4.708817 0.332443 5.142610
v 4.708817 0.320755 5.125260
v 4.708817 0.311569 5.106454
v 4.708817 0.305099 5.086549
v 4.708817 0.301468 5.065942
v 4.708817 0.300735 5.045030
v 4.708817 0.302933 5.024217
v 4.708817 0.307999 5.003907
v 4.708817 0.315811 4.984506
v 4.708817 0.326279 4.966386
v 4.708817 0.339188 4.949891
v 4.708817 0.354233 4.935357
v 4.708817 0.371170 4.923051
v 4.708817 0.389633 4.913232
v 4.708817 0.409286 4.906075
v 4.708818 0.287003 4.564851
v 4.708817 0.012985 5.316453
v 5.708821 0.012985 5.316453
v 4.648416 -0.603897 1.802216
v 4.527929 -0.588577 1.760674
v 7.408818 -1.323563 2.647174
v 6.718717 -1.143631 2.435935
v 6.028618 -0.963730 2.224697
v 5.338518 -0.783798 2.013454
v 7.408818 -1.426315 2.929028
v 7.408818 -1.388138 3.262260
v 4.596319 -0.501694 1.812214
v 4.596319 -0.378311 1.848347
v 4.596319 -0.254898 1.884480
v 4.783819 -0.411057 1.912632
v 4.783819 -0.278275 1.952774
v 4.971319 -0.443832 1.976917
v 4.971319 -0.301651 2.021073
v 5.158818 -0.476578 2.041206
v 5.158818 -0.325027 2.089371
v 5.346319 -0.509354 2.105492
v 5.346319 -0.348404 2.157669
v 5.533818 -0.542099 2.169777
v 5.533818 -0.371780 2.225967
v 5.721319 -0.574875 2.234062
v 5.721319 -0.395157 2.294266
v 5.908818 -0.607620 2.298351
v 5.908818 -0.418533 2.362564
v 6.096319 -0.640396 2.362637
v 6.096319 -0.441910 2.430859
v 6.283818 -0.673141 2.426921
v 6.283818 -0.465286 2.499157
v 6.471318 -0.705917 2.491211
v 6.471318 -0.488693 2.567455
v 6.658819 -0.738663 2.555496
v 6.658818 -0.512070 2.635754
v 6.846319 -0.771439 2.619781
v 6.846318 -0.535446 2.704051
v 7.033819 -0.804184 2.684067
v 7.033818 -0.558823 2.772350
v 7.221318 -0.836960 2.748356
v 7.221318 -0.582199 2.840645
v 7.408818 -0.813858 2.833000
v 7.408818 -0.304184 3.018823
v 7.221318 -0.454819 2.886791
v 7.221318 -0.327408 2.932938
v 7.033818 -0.313431 2.860630
v 7.033819 -0.190750 2.904770
v 6.846318 -0.181442 2.830455
v 6.846319 -0.063431 2.872589
v 6.658818 -0.058823 2.796268
v 6.658818 0.054489 2.836399
v 6.471318 0.054398 2.758072
v 6.471318 0.108688 2.777133
v 6.283818 0.106277 2.697804
v 6.283818 0.158249 2.715862
v 6.096319 0.153458 2.635532
v 6.096319 0.203079 2.652588
v 5.908818 0.195969 2.571251
v 5.908818 0.243210 2.587304
v 5.721319 0.233749 2.504967
v 5.721319 0.278671 2.520015
v 5.533818 0.266861 2.436676
v 5.533818 0.309433 2.450726
v 5.346319 0.295303 2.366378
v 5.346319 0.335526 2.379425
v 5.158818 0.319016 2.294079
v 5.158818 0.356888 2.306118
v 4.971319 0.338058 2.219768
v 4.971319 0.373581 2.230808
v 4.783819 0.352402 2.143456
v 4.783819 0.385574 2.153492
v 4.596319 0.331192 2.056102
v 4.596319 0.300339 2.047070
v 4.596319 0.269516 2.038040
v 4.783819 0.285995 2.123386
v 4.783819 0.252823 2.113350
v 4.971319 0.266983 2.197693
v 4.971319 0.231430 2.186653
v 5.158818 0.243240 2.269997
v 5.158818 0.205368 2.257953
v 5.346319 0.214828 2.340290
v 5.346319 0.174606 2.327247
v 5.533818 0.181717 2.408580
v 5.533818 0.139145 2.394535
v 5.721319 0.143906 2.474865
v 5.721319 0.098984 2.459816
v 5.908818 0.101425 2.539146
v 5.908818 0.054153 2.523094
v 6.096319 0.054214 2.601418
v 6.096319 -0.044998 2.567307
v 6.283818 -0.049606 2.643627
v 6.283818 -0.153519 2.607510
v 6.471318 -0.162827 2.681823
v 6.471318 -0.271439 2.643703
v 6.658819 -0.285446 2.716011
v 6.658818 -0.398758 2.675884
v 6.846319 -0.417435 2.746185
v 4.596319 -0.193222 1.902542
v 4.783819 -0.211899 1.972847
v 4.971319 -0.230576 2.043152
v 5.158818 -0.249252 2.113453
v 5.346319 -0.267960 2.183758
v 5.533818 -0.286636 2.254062
v 5.721319 -0.305313 2.324364
v 5.908818 -0.324020 2.394669
v 6.096319 -0.342697 2.464973
v 6.283818 -0.361374 2.535275
v 6.471318 -0.380051 2.605579
v 4.596319 -0.008133 1.956741
v 4.596319 -0.069809 1.938675
v 4.596319 -0.131516 1.920609
v 4.783819 -0.145523 1.992919
v 4.596319 0.238663 2.029007
v 4.596319 0.207809 2.019974
v 4.596319 0.176956 2.010941
v 4.783819 0.186417 2.093277
v 4.783819 0.153244 2.083240
v 4.971319 0.160355 2.164577
v 4.971319 0.124802 2.153537
v 5.158818 0.129593 2.233871
v 5.158818 0.091690 2.221828
v 5.346319 0.094131 2.301159
v 5.346319 0.053909 2.288113
v 5.533818 0.053970 2.366440
v 5.533818 -0.031174 2.338345
v 5.721319 -0.035782 2.414665
v 5.721319 -0.125626 2.384567
v 5.908818 -0.134933 2.458881
v 5.908818 -0.229477 2.426773
v 6.096378 -0.243454 2.499084
v 5.158818 0.432663 2.330204
v 5.158818 0.394791 2.318161
v 5.346319 0.375748 2.392467
v 5.533818 0.352036 2.464771
v 5.721319 0.323593 2.535069
v 5.908818 0.290482 2.603360
v 6.096319 0.252701 2.669643
v 6.283819 0.210190 2.733921
v 6.471318 0.163010 2.796196
v 6.658818 0.111130 2.856464
v 6.846319 0.054550 2.914726
v 7.033818 -0.068039 2.948908
v 7.221318 -0.200027 2.979084
v 5.346319 0.415970 2.405513
v 5.533818 0.479752 2.506912
v 5.533818 0.437180 2.492867
v 5.721319 0.458389 2.580219
v 5.721319 0.413437 2.565166
v 5.908818 0.432297 2.651516
v 5.908818 0.385025 2.635464
v 6.096319 0.401535 2.720810
v 6.096319 0.351913 2.703754
v 6.283819 0.366074 2.788097
v 6.283819 0.314133 2.770038
v 6.471318 0.325943 2.853382
v 6.471318 0.271622 2.834320
v 6.658819 0.281082 2.916656
v 6.658819 0.224442 2.896591
v 6.846318 0.231552 2.977928
v 6.846318 0.172562 2.956858
v 7.033818 0.177322 3.037193
v 7.033818 0.115982 3.015121
v 7.221318 0.118423 3.094453
v 7.221318 0.054733 3.071376
v 7.408818 0.205490 3.204642
v 7.221318 -0.072647 3.025230
v 5.908818 0.526840 2.683624
v 5.908818 0.479568 2.667568
v 6.096319 0.451157 2.737865
v 6.283819 0.418045 2.806156
v 6.471318 0.380234 2.872440
v 6.658819 0.337753 2.936722
v 6.846318 0.290543 2.998993
v 7.033818 0.238663 3.059260
v 7.221318 0.182114 3.117524
v 6.658818 0.621017 3.037044
v 6.283819 0.521957 2.842274
v 6.096319 0.500778 2.754920
v 7.408819 0.715164 3.390466
v 7.033818 0.606735 3.191682
v 6.846318 0.585556 3.104332
v 6.658818 0.564346 3.016978
v 6.846318 0.526566 3.083262
v 6.658818 0.507706 2.996912
v 6.846318 0.467545 3.062195
v 6.658818 0.451035 2.976848
v 6.846318 0.408554 3.041130
v 6.658818 0.394394 2.956788
v 6.846318 0.349564 3.020060
v 7.221318 0.436874 3.209816
v 7.221318 0.500565 3.232887
v 7.221318 0.564255 3.255966
v 7.033818 0.545395 3.169618
v 7.221318 -1.091721 2.656063
v 7.033819 -1.049576 2.595787
v 6.846319 -1.007431 2.535511
v 6.658819 -0.965286 2.475239
v 6.283818 -0.880997 2.354687
v 6.471318 -0.923141 2.414963
v 5.721319 -0.754562 2.173862
v 5.908818 -0.796707 2.234138
v 6.096319 -0.838852 2.294415
v 4.971319 -0.585983 1.932763
v 5.158818 -0.628128 1.993038
v 5.346319 -0.670273 2.053314
v 4.783819 -0.543839 1.872490
v 7.221318 0.627945 3.279037
v 6.471318 0.543167 2.929626
v 6.471318 0.488846 2.910564
v 6.471318 0.434555 2.891502
v 6.283819 0.470016 2.824215
v 5.533818 -0.712418 2.113586
v 4.783819 0.319199 2.133419
v 4.783819 0.219620 2.103314
v 4.596319 0.146103 2.001907
v 4.596319 0.115280 1.992874
v 4.596319 0.084427 1.983841
v 4.783819 0.086838 2.063171
v 4.783819 0.053665 2.053134
v 4.971319 0.053726 2.131463
v 4.971319 -0.017349 2.109382
v 5.158818 -0.021957 2.185703
v 5.158818 -0.097733 2.161621
v 5.346319 -0.107040 2.235935
v 5.346319 -0.187485 2.209846
v 5.533818 -0.201492 2.282158
v 4.783819 0.120041 2.073204
v 4.596319 0.053574 1.974808
v 4.783819 -0.012741 2.033062
v 4.783819 -0.079117 2.012989
v 4.971319 -0.088425 2.087307
v 4.971319 0.302505 2.208733
v 5.158818 0.281143 2.282036
v 5.346319 0.255051 2.353337
v 5.533818 0.224289 2.422630
v 5.721319 0.188828 2.489918
v 5.908818 0.148697 2.555198
v 6.096319 0.103836 2.618476
v 6.283818 0.054306 2.679745
v 6.471318 -0.054214 2.719948
v 6.658819 -0.172134 2.756142
v 6.846319 -0.299423 2.788322
v 7.033819 -0.436111 2.816491
v 4.971319 0.195908 2.175617
v 5.158818 0.167465 2.245911
v 5.346319 0.134354 2.314201
v 5.533818 0.096573 2.380485
v 5.721319 0.054062 2.444767
v 5.908818 -0.040390 2.490986
v 6.096319 -0.144241 2.533195
v 6.283877 -0.257462 2.571392
v 4.971319 0.089279 2.142498
v 5.158818 0.053818 2.209785
v 5.346319 -0.026566 2.262024
v 5.533818 -0.116318 2.310249
v 5.721319 -0.215469 2.354465
v 4.971319 -0.159500 2.065227
v 5.158818 -0.173508 2.137539
v 5.533818 0.394608 2.478817
v 5.721319 0.368515 2.550117
v 5.908818 0.337753 2.619411
v 6.096319 0.302292 2.686699
v 6.283819 0.262161 2.751980
v 6.471318 0.217300 2.815258
v 6.658819 0.167770 2.876525
v 6.846319 0.113571 2.935791
v 7.033818 0.054642 2.993050
v 7.033818 0.484055 3.147541
v 7.033818 0.422714 3.125473
v 7.033818 0.361374 3.103401
v 7.033818 0.300034 3.081332
v 7.221318 0.245804 3.140597
v 7.221318 0.309494 3.163673
v 7.221318 0.373184 3.186745
v 7.408819 -0.895096 6.659402
v 7.408819 -2.217270 6.177362
v 7.408819 -0.415176 6.490838
v 7.408819 -2.453903 5.747553
v 7.408819 -2.107468 5.235230
v 7.408819 -2.351151 5.465700
vn 0.000000 0.939494 0.342565
vn 0.000000 0.939494 0.342565
vn 0.000000 0.939494 0.342565
vn 0.000000 0.939495 0.342564
vn 0.000000 0.939495 0.342564
vn 0.000000 0.939495 0.342564
vn -0.000026 0.939516 0.342504
vn -0.000026 0.939516 0.342504
vn -0.000026 0.939516 0.342504
vn 0.000042 0.939505 0.342536
vn 0.000042 0.939505 0.342536
vn 0.000042 0.939505 0.342536
vn 0.000005 0.939499 0.342553
vn 0.000005 0.939499 0.342553
vn 0.000005 0.939499 0.342553
vn 0.000000 0.939494 0.342564
vn 0.000000 0.939494 0.342564
vn 0.000000 0.939494 0.342564
vn 0.000000 0.939495 0.342564
vn 0.000000 0.939495 0.342564
vn 0.000000 0.939494 0.342564
vn 0.000003 0.939521 0.342491
vn 0.000003 0.939521 0.342491
vn 0.000003 0.939521 0.342491
vn 0.000003 0.939499 0.342551
vn 0.000003 0.939499 0.342551
vn 0.000003 0.939499 0.342551
vn 0.000000 -0.342523 0.939509
vn 0.000000 -0.342523 0.939509
vn 0.000000 -0.342523 0.939509
vn 0.000000 -0.342523 0.939510
vn 0.000000 -0.342523 0.939510
vn 0.000000 -0.342523 0.939510
vn -1.000000 -0.000004 -0.000003
vn -1.000000 -0.000004 -0.000003
vn -1.000000 -0.000004 -0.000003
vn -1.000000 0.000000 -0.000005
vn -1.000000 0.000000 -0.000005
vn -1.000000 0.000000 -0.000005
vn -1.000000 0.000001 0.000000
vn -1.000000 0.000001 0.000000
vn -1.000000 0.000001 0.000000
vn -1.000000 0.000000 0.000000
vn -1.000000 0.000000 0.000000
vn -1.000000 0.000000 0.000000
vn -1.000000 0.000000 0.000000
vn -1.000000 0.000000 0.000000
vn -1.000000 0.000000 0.000000
vn -1.000000 -0.000001 0.000000
vn -1.000000 -0.000001 0.000000
vn -1.000000 -0.000001 0.000000
vn -1.000000 0.000000 0.000000
vn -1.000000 0.000000 0.000000
vn -1.000000 0.000000 0.000000
vn -1.000000 0.000000 0.000000
vn -1.000000 0.000000 0.000000
vn -1.000000 0.000000 0.000000
vn 0.000000 0.342534 -0.939505
vn 0.000000 0.342534 -0.939505
vn 0.000000 0.342534 -0.939505
vn 0.000000 0.342534 -0.939506
vn 0.000000 0.342534 -0.939506
vn 0.000000 0.342534 -0.939506
vn -0.000006 -0.173703 0.984798
vn -0.000005 -0.173702 0.984798
vn -0.000006 0.000001 1.000000
vn -0.000006 0.000001 1.000000
vn -0.000006 0.173701 0.984798
vn -0.000005 0.173700 0.984799
vn -0.000005 0.341991 0.939703
vn -0.000003 0.342006 0.939698
vn -0.000003 0.500078 0.865980
vn -0.000003 0.500077 0.865981
vn -0.000004 0.642678 0.766136
vn -0.000001 0.642685 0.766130
vn -0.000002 0.766081 0.642744
vn -0.000001 0.766079 0.642746
vn -0.000001 0.865891 0.500233
vn -0.000001 0.865890 0.500234
vn -0.000001 0.939672 0.342078
vn 0.000000 0.939674 0.342072
vn 0.000000 0.984853 0.173392
vn 0.000000 0.984853 0.173393
vn 0.000000 1.000000 -0.000001
vn 0.000000 1.000000 0.000001
vn 0.000000 0.984848 -0.173418
vn 0.000000 0.984848 -0.173417
vn 0.000000 0.939654 -0.342125
vn 0.000000 0.939654 -0.342126
vn 0.000000 0.865891 -0.500233
vn 0.000000 0.865890 -0.500235
vn 0.000000 0.766148 -0.642664
vn 0.000000 0.766147 -0.642665
vn 0.000000 0.642687 -0.766129
vn 0.000000 0.642687 -0.766129
vn 0.000000 0.500077 -0.865981
vn 0.000000 0.500077 -0.865981
vn 0.000000 0.342119 -0.939657
vn 0.000000 0.342119 -0.939656
vn 0.000000 0.173702 -0.984798
vn 0.000000 0.173702 -0.984798
vn 0.000000 -0.000000 -1.000000
vn 0.000000 -0.000000 -1.000000
vn 0.000000 -0.173702 -0.984798
vn 0.000000 -0.173702 -0.984798
vn 0.000000 -0.342119 -0.939657
vn 0.000000 -0.342120 -0.939656
vn 0.000000 -0.499823 -0.866127
vn 0.000000 -0.499824 -0.866127
vn 0.000000 -0.642687 -0.766129
vn 0.000000 -0.642687 -0.766129
vn 0.000000 -0.766148 -0.642664
vn 0.000000 -0.766148 -0.642664
vn 0.000000 -0.866144 -0.499795
vn 0.000000 -0.866145 -0.499793
vn 0.000000 -0.939654 -0.342126
vn 0.000000 -0.939654 -0.342126
vn 0.000000 -0.984848 -0.173418
vn 0.000000 -0.984848 -0.173419
vn 0.000000 -1.000000 -0.000000
vn 0.000000 -1.000000 0.000000
vn 0.000000 -0.984853 0.173394
vn 0.000000 -0.984853 0.173392
vn 0.000000 -0.939671 0.342078
vn -0.000000 -0.939674 0.342072
vn -0.000001 -0.866145 0.499793
vn -0.000001 -0.866145 0.499794
vn -0.000001 -0.766080 0.642746
vn -0.000002 -0.766079 0.642747
vn -0.000002 -0.642678 0.766136
vn -0.000003 -0.642686 0.766130
vn -0.000003 -0.499824 0.866127
vn -0.000003 -0.499824 0.866127
vn -0.000003 -0.341990 0.939704
vn -0.000005 -0.342006 0.939698
vn -0.624698 0.733620 0.267496
vn -0.624698 0.733620 0.267496
vn -0.624698 0.733620 0.267496
vn -0.624698 0.733623 0.267486
vn -0.624698 0.733624 0.267486
vn -0.624698 0.733624 0.267486
vn -0.624698 0.733620 0.267495
vn -0.624698 0.733620 0.267495
vn -0.624698 0.733620 0.267495
vn -0.624697 0.733624 0.267487
vn -0.624697 0.733624 0.267487
vn -0.624697 0.733624 0.267487
vn 0.000000 0.939521 0.342491
vn 0.000000 0.939521 0.342491
vn 0.000000 0.939521 0.342491
vn -0.000014 0.939509 0.342524
vn -0.000014 0.939509 0.342524
vn -0.000014 0.939509 0.342524
vn 0.000000 0.939497 0.342557
vn 0.000000 0.939497 0.342557
vn 0.000000 0.939497 0.342557
vn -0.000003 0.939500 0.342550
vn -0.000003 0.939500 0.342550
vn -0.000003 0.939500 0.342550
vn 0.000000 0.939508 0.342528
vn 0.000000 0.939508 0.342528
vn 0.000000 0.939508 0.342528
vn -0.000001 0.939509 0.342524
vn -0.000001 0.939509 0.342524
vn -0.000001 0.939509 0.342524
vn 0.000004 0.939499 0.342552
vn 0.000004 0.939499 0.342552
vn 0.000004 0.939499 0.342552
vn 0.000000 0.939509 0.342525
vn 0.000000 0.939509 0.342525
vn 0.000000 0.939509 0.342525
vn 0.000000 0.939509 0.342525
vn 0.000000 0.939509 0.342525
vn 0.000000 0.939509 0.342525
vn 0.000000 0.939509 0.342525
vn 0.000000 0.939509 0.342525
vn 0.000000 0.939509 0.342525
vn -0.000000 0.939509 0.342525
vn -0.000000 0.939509 0.342525
vn -0.000000 0.939509 0.342525
vn 0.000000 0.682031 0.731324
vn 0.000000 0.682031 0.731324
vn 0.000000 0.682031 0.731324
vn 0.000004 0.682030 0.731324
vn 0.000004 0.682030 0.731324
vn 0.000004 0.682030 0.731325
vn -0.000000 0.992686 -0.120728
vn -0.000000 0.992686 -0.120728
vn -0.000000 0.992686 -0.120728
vn 0.000000 0.992686 -0.120727
vn 0.000000 0.992686 -0.120727
vn 0.000000 0.992686 -0.120727
vn -0.000007 0.342519 -0.939511
vn -0.000007 0.342519 -0.939511
vn -0.000007 0.342519 -0.939511
vn 0.000000 0.342521 -0.939510
vn 0.000000 0.342521 -0.939510
vn 0.000000 0.342521 -0.939510
vn -1.000000 0.000000 0.000000
vn -1.000000 0.000000 0.000000
vn -1.000000 0.000000 0.000000
vn -1.000000 0.000000 0.000000
vn -1.000000 0.000000 0.000000
vn -1.000000 0.000000 0.000000
vn -1.000000 0.000000 0.000000
vn -1.000000 0.000000 0.000000
vn -1.000000 0.000000 0.000000
vn -1.000000 0.000000 0.000000
vn -1.000000 0.000000 0.000000
vn -1.000000 0.000000 0.000000
vn -1.000000 0.000000 0.000000
vn -1.000000 0.000000 0.000000
vn -1.000000 0.000000 0.000000
vn -1.000000 0.000000 0.000000
vn -1.000000 0.000000 0.000000
vn -1.000000 0.000000 0.000000
vn -1.000000 0.000000 0.000000
vn -1.000000 0.000000 0.000000
vn -1.000000 0.000000 0.000000
vn -1.000000 0.000000 0.000000
vn -1.000000 0.000000 0.000000
vn -1.000000 0.000000 0.000000
vn -1.000000 0.000000 0.000000
vn -1.000000 0.000000 0.000000
vn -1.000000 0.000000 0.000000
vn -1.000000 0.000000 0.000000
vn -1.000000 0.000000 0.000000
vn -1.000000 0.000000 0.000000
vn -1.000000 -0.000006 0.000000
vn -1.000000 -0.000006 0.000000
vn -1.000000 -0.000006 0.000000
vn -1.000000 0.000016 0.000000
vn -1.000000 0.000016 0.000000
vn -1.000000 0.000016 0.000000
vn -1.000000 0.000000 0.000000
vn -1.000000 0.000000 0.000000
vn -1.000000 0.000000 0.000000
vn -1.000000 -0.000013 0.000000
vn -1.000000 -0.000013 0.000000
vn -1.000000 -0.000013 0.000000
vn -1.000000 0.000007 0.000000
vn -1.000000 0.000007 0.000000
vn -1.000000 0.000007 0.000000
vn -1.000000 -0.000002 0.000000
vn -1.000000 -0.000002 0.000000
vn -1.000000 -0.000002 0.000000
vn -1.000000 -0.000002 0.000000
vn -1.000000 -0.000002 0.000000
vn -1.000000 -0.000002 0.000000
vn -1.000000 0.000003 0.000000
vn -1.000000 0.000003 0.000000
vn -1.000000 0.000003 0.000000
vn -1.000000 -0.000029 0.000000
vn -1.000000 -0.000029 0.000000
vn -1.000000 -0.000029 0.000000
vn -1.000000 0.000000 0.000000
vn -1.000000 0.000000 0.000000
vn -1.000000 0.000000 0.000000
vn -1.000000 0.000000 0.000000
vn -1.000000 0.000000 0.000000
vn -1.000000 0.000000 0.000000
vn -1.000000 0.000000 0.000000
vn -1.000000 0.000000 0.000000
vn -1.000000 0.000000 0.000000
vn -1.000000 0.000000 0.000000
vn -1.000000 0.000000 0.000000
vn -1.000000 0.000000 0.000000
vn -1.000000 0.000000 0.000000
vn -1.000000 0.000000 0.000000
vn -1.000000 0.000000 0.000000
vn -1.000000 -0.000001 0.000000
vn -1.000000 -0.000001 0.000000
vn -1.000000 -0.000001 0.000000
vn -1.000000 0.000015 0.000000
vn -1.000000 0.000015 0.000000
vn -1.000000 0.000015 0.000000
vn -1.000000 0.000000 0.000000
vn -1.000000 0.000000 0.000000
vn -1.000000 0.000000 0.000000
vn -1.000000 0.000000 0.000000
vn -1.000000 0.000000 0.000000
vn -1.000000 0.000000 0.000000
vn -1.000000 -0.000025 0.000000
vn -1.000000 -0.000025 0.000000
vn -1.000000 -0.000025 0.000000
vn -1.000000 0.000026 0.000000
vn -1.000000 0.000026 0.000000
vn -1.000000 0.000026 0.000000
vn -1.000000 -0.000029 0.000000
vn -1.000000 -0.000029 0.000000
vn -1.000000 -0.000029 0.000000
vn -1.000000 0.000006 0.000000
vn -1.000000 0.000006 0.000000
vn -1.000000 0.000006 0.000000
vn -1.000000 0.000000 0.000000
vn -1.000000 0.000000 0.000000
vn -1.000000 0.000000 0.000000
vn -1.000000 -0.000014 0.000000
vn -1.000000 -0.000014 0.000000
vn -1.000000 -0.000014 0.000000
vn -1.000000 0.000000 0.000000
vn -1.000000 0.000000 0.000000
vn -1.000000 0.000000 0.000000
vn -1.000000 0.000000 0.000000
vn -1.000000 0.000000 0.000000
vn -1.000000 0.000000 0.000000
vn -1.000000 0.000002 0.000000
vn -1.000000 0.000002 0.000000
vn -1.000000 0.000002 0.000000
vn -1.000000 0.000002 0.000000
vn -1.000000 0.000002 0.000000
vn -1.000000 0.000002 0.000000
vn -1.000000 0.000000 0.000000
vn -1.000000 0.000000 0.000000
vn -1.000000 0.000000 0.000000
vn -1.000000 0.000000 0.000000
vn -1.000000 0.000000 0.000000
vn -1.000000 0.000000 0.000000
vn -1.000000 0.000000 0.000000
vn -1.000000 0.000000 0.000000
vn -1.000000 0.000000 0.000000
vn -1.000000 0.000000 0.000000
vn -1.000000 0.000000 0.000000
vn -1.000000 0.000000 0.000000
vn 0.000007 -0.342537 0.939504
vn 0.000007 -0.342537 0.939504
vn 0.000007 -0.342537 0.939504
vn 0.000003 -0.342538 0.939504
vn 0.000003 -0.342538 0.939504
vn 0.000003 -0.342538 0.939504
vn 0.000000 -0.992685 0.120731
vn 0.000000 -0.992685 0.120731
vn 0.000000 -0.992685 0.120731
vn 0.000001 -0.992685 0.120730
vn 0.000001 -0.992685 0.120730
vn 0.000001 -0.992685 0.120730
vn -0.000007 -0.682034 -0.731320
vn -0.000007 -0.682034 -0.731320
vn -0.000007 -0.682034 -0.731320
vn 0.000000 -0.682031 -0.731324
vn 0.000000 -0.682031 -0.731324
vn 0.000000 -0.682031 -0.731324
vn 0.000001 -0.342522 0.939510
vn 0.000001 -0.342522 0.939510
vn 0.000001 -0.342522 0.939510
vn 0.000000 -0.342523 0.939509
vn 0.000000 -0.342523 0.939509
vn 0.000000 -0.342523 0.939510
vn 0.000000 0.342536 -0.939505
vn 0.000000 0.342537 -0.939505
vn 0.000000 0.342537 -0.939505
vn -0.000000 0.342536 -0.939505
vn -0.000000 0.342536 -0.939505
vn -0.000000 0.342536 -0.939505
vn 0.000000 -0.342530 0.939507
vn 0.000000 -0.342530 0.939507
vn 0.000000 -0.342530 0.939507
vn 0.000000 -0.342530 0.939507
vn 0.000000 -0.342530 0.939507
vn 0.000000 -0.342530 0.939507
vn 0.000000 0.939513 0.342512
vn 0.000000 0.939514 0.342512
vn 0.000000 0.939514 0.342512
vn 0.000000 0.939514 0.342511
vn 0.000000 0.939514 0.342511
vn 0.000000 0.939514 0.342511
vn 1.000000 0.000000 0.000000
vn 1.000000 0.000000 0.000000
vn 1.000000 0.000000 0.000000
vn 1.000000 0.000000 0.000000
vn 1.000000 0.000000 0.000000
vn 1.000000 0.000000 0.000000
vn 0.000000 0.939514 0.342510
vn 0.000000 0.939514 0.342510
vn 0.000000 0.939514 0.342510
vn 0.000000 0.939514 0.342512
vn 0.000000 0.939514 0.342512
vn 0.000000 0.939514 0.342512
vn -0.000001 0.342527 -0.939508
vn -0.000001 0.342527 -0.939508
vn -0.000001 0.342527 -0.939508
vn -0.000001 0.342528 -0.939508
vn -0.000001 0.342528 -0.939508
vn -0.000001 0.342528 -0.939508
vn 1.000000 -0.000000 0.000000
vn 1.000000 -0.000000 0.000000
vn 1.000000 -0.000000 0.000000
vn 1.000000 0.000000 0.000000
vn 1.000000 0.000000 0.000000
vn 1.000000 0.000000 0.000000
vn 1.000000 0.000000 0.000000
vn 1.000000 0.000000 0.000000
vn 1.000000 0.000000 0.000000
vn 1.000000 0.000000 0.000001
vn 1.000000 0.000000 0.000001
vn 1.000000 0.000000 0.000001
vn 1.000000 0.000029 0.000000
vn 1.000000 0.000029 0.000000
vn 1.000000 0.000029 0.000000
vn 1.000000 -0.000000 0.000000
vn 1.000000 -0.000000 0.000000
vn 1.000000 -0.000000 0.000000
vn 1.000000 0.000000 0.000000
vn 1.000000 0.000000 0.000000
vn 1.000000 0.000000 0.000000
vn 1.000000 0.000000 0.000000
vn 1.000000 0.000000 0.000000
vn 1.000000 0.000000 0.000000
vn 1.000000 0.000000 0.000000
vn 1.000000 0.000000 0.000000
vn 1.000000 0.000000 0.000000
vn 1.000000 0.000001 0.000000
vn 1.000000 0.000001 0.000000
vn 1.000000 0.000001 0.000000
vn 1.000000 0.000000 0.000000
vn 1.000000 0.000000 0.000000
vn 1.000000 0.000000 0.000000
vn 1.000000 0.000000 0.000000
vn 1.000000 0.000000 0.000000
vn 1.000000 0.000000 0.000000
vn 1.000000 0.000000 0.000000
vn 1.000000 0.000000 0.000000
vn 1.000000 0.000000 0.000000
vn 1.000000 -0.000001 0.000000
vn 1.000000 -0.000001 0.000000
vn 1.000000 -0.000001 0.000000
vn 1.000000 0.000000 0.000000
vn 1.000000 0.000000 0.000000
vn 1.000000 0.000000 0.000000
vn 1.000000 0.000001 0.000000
vn 1.000000 0.000001 0.000000
vn 1.000000 0.000001 0.000000
vn 1.000000 0.000000 0.000000
vn 1.000000 0.000000 0.000000
vn 1.000000 0.000000 0.000000
vn 1.000000 0.000003 0.000000
vn 1.000000 0.000003 0.000000
vn 1.000000 0.000003 0.000000
vn 1.000000 0.000000 0.000000
vn 1.000000 0.000000 0.000000
vn 1.000000 0.000000 0.000000
vn 1.000000 0.000000 0.000000
vn 1.000000 0.000000 0.000000
vn 1.000000 0.000000 0.000000
vn 1.000000 -0.000000 0.000000
vn 1.000000 -0.000000 0.000000
vn 1.000000 -0.000000 0.000000
vn 1.000000 0.000000 0.000000
vn 1.000000 0.000000 0.000000
vn 1.000000 0.000000 0.000000
vn 1.000000 -0.000001 0.000000
vn 1.000000 -0.000001 0.000000
vn 1.000000 -0.000001 0.000000
vn 1.000000 0.000000 0.000000
vn 1.000000 0.000000 0.000000
vn 1.000000 0.000000 0.000000
vn 1.000000 0.000000 0.000000
vn 1.000000 0.000000 0.000000
vn 1.000000 0.000000 0.000000
vn 1.000000 0.000000 0.000000
vn 1.000000 0.000000 0.000000
vn 1.000000 0.000000 0.000000
vn 1.000000 0.000000 0.000000
vn 1.000000 0.000000 0.000000
vn 1.000000 0.000000 0.000000
vn 1.000000 0.000000 0.000000
vn 1.000000 0.000000 0.000000
vn 1.000000 0.000000 0.000000
vn 1.000000 -0.000012 0.000000
vn 1.000000 -0.000012 0.000000
vn 1.000000 -0.000012 0.000000
vn 1.000000 0.000003 0.000000
vn 1.000000 0.000003 0.000000
vn 1.000000 0.000003 0.000000
vn 1.000000 0.000000 0.000000
vn 1.000000 0.000000 0.000000
vn 1.000000 0.000000 0.000000
vn 1.000000 -0.000001 0.000000
vn 1.000000 -0.000001 0.000000
vn 1.000000 -0.000001 0.000000
vn 1.000000 -0.000000 0.000001
vn 1.000000 -0.000000 0.000001
vn 1.000000 -0.000000 0.000001
vn 1.000000 0.000000 0.000001
vn 1.000000 0.000000 0.000001
vn 1.000000 0.000000 0.000001
vn 1.000000 0.000000 0.000001
vn 1.000000 0.000000 0.000001
vn 1.000000 0.000000 0.000001
vn 1.000000 0.000000 0.000001
vn 1.000000 0.000000 0.000001
vn 1.000000 0.000000 0.000001
vn 1.000000 0.000000 0.000001
vn 1.000000 0.000000 0.000001
vn 1.000000 0.000000 0.000001
vn 1.000000 0.000000 0.000001
vn 1.000000 0.000000 0.000001
vn 1.000000 0.000000 0.000001
vn 1.000000 0.000000 0.000001
vn 1.000000 0.000000 0.000001
vn 1.000000 0.000000 0.000001
vn 1.000000 0.000000 0.000001
vn 1.000000 0.000000 0.000001
vn 1.000000 0.000000 0.000001
vn 1.000000 0.000000 0.000001
vn 1.000000 0.000000 0.000001
vn 1.000000 0.000000 0.000001
vn 1.000000 0.000000 0.000001
vn 1.000000 0.000000 0.000001
vn 1.000000 0.000000 0.000001
vn 1.000000 0.000164 0.000004
vn 1.000000 0.000164 0.000004
vn 1.000000 0.000164 0.000004
vn 1.000000 -0.000005 0.000000
vn 1.000000 -0.000005 0.000000
vn 1.000000 -0.000005 0.000000
vn 1.000000 0.000000 0.000000
vn 1.000000 0.000000 0.000000
vn 1.000000 0.000000 0.000000
vn 1.000000 -0.000029 0.000000
vn 1.000000 -0.000029 0.000000
vn 1.000000 -0.000029 0.000000
vn 1.000000 0.000000 0.000000
vn 1.000000 0.000000 0.000000
vn 1.000000 0.000000 0.000000
vn 1.000000 0.000000 0.000000
vn 1.000000 0.000000 0.000000
vn 1.000000 0.000000 0.000000
vn 1.000000 0.000000 0.000000
vn 1.000000 0.000000 0.000000
vn 1.000000 0.000000 0.000000
vn 1.000000 0.000000 0.000000
vn 1.000000 0.000000 0.000000
vn 1.000000 0.000000 0.000000
vn 1.000000 0.000000 0.000000
vn 1.000000 0.000000 0.000000
vn 1.000000 0.000000 0.000000
vn 1.000000 0.000000 0.000000
vn 1.000000 0.000000 0.000000
vn 1.000000 0.000000 0.000000
vn 1.000000 0.000000 0.000000
vn 1.000000 0.000000 0.000000
vn 1.000000 0.000000 0.000000
vn 1.000000 0.000000 0.000000
vn 1.000000 0.000000 0.000000
vn 1.000000 0.000000 0.000000
vn 1.000000 0.000000 0.000000
vn 1.000000 0.000000 0.000000
vn 1.000000 0.000000 0.000000
vn 1.000000 0.000000 0.000000
vn 1.000000 0.000000 0.000000
vn 1.000000 0.000000 0.000000
vn 1.000000 0.000040 0.000000
vn 1.000000 0.000040 0.000000
vn 1.000000 0.000040 0.000000
vn 1.000000 0.000000 0.000000
vn 1.000000 0.000000 0.000000
vn 1.000000 0.000000 0.000000
vn 1.000000 0.000000 0.000000
vn 1.000000 0.000000 0.000000
vn 1.000000 0.000000 0.000000
vn 1.000000 -0.000082 0.000000
vn 1.000000 -0.000082 0.000000
vn 1.000000 -0.000082 0.000000
vn 1.000000 0.000023 -0.000000
vn 1.000000 0.000023 -0.000000
vn 1.000000 0.000023 -0.000000
vn 1.000000 0.000000 -0.000000
vn 1.000000 0.000000 -0.000000
vn 1.000000 0.000000 -0.000000
vn 1.000000 0.000000 -0.000014
vn 1.000000 0.000000 -0.000014
vn 1.000000 0.000000 -0.000014
vn 1.000000 0.000000 0.000000
vn 1.000000 0.000000 0.000000
vn 1.000000 0.000000 0.000000
vn 1.000000 0.000000 0.000000
vn 1.000000 0.000000 0.000000
vn 1.000000 0.000000 0.000000
vn 1.000000 0.000000 0.000000
vn 1.000000 0.000000 0.000000
vn 1.000000 0.000000 0.000000
vn 0.000000 0.342528 -0.939508
vn 0.000000 0.342528 -0.939508
vn 0.000000 0.342528 -0.939508
vn 0.000000 0.342528 -0.939508
vn 0.000000 0.342528 -0.939508
vn 0.000000 0.342528 -0.939508
vn -0.000000 -0.939514 -0.342510
vn -0.000000 -0.939514 -0.342510
vn -0.000000 -0.939514 -0.342510
vn -0.000003 -0.939508 -0.342528
vn -0.000003 -0.939508 -0.342528
vn -0.000003 -0.939508 -0.342528
vn 0.000003 -0.939506 -0.342531
vn 0.000003 -0.939506 -0.342532
vn 0.000003 -0.939506 -0.342532
vn -0.000000 -0.939514 -0.342511
vn -0.000000 -0.939514 -0.342511
vn -0.000000 -0.939514 -0.342511
vn 0.000000 -0.939506 -0.342531
vn 0.000000 -0.939506 -0.342531
vn 0.000000 -0.939506 -0.342531
vn 0.000000 -0.939506 -0.342531
vn 0.000000 -0.939506 -0.342531
vn 0.000000 -0.939506 -0.342531
vn 1.000000 -0.000002 0.000000
vn 1.000000 -0.000002 0.000000
vn 1.000000 -0.000002 0.000000
vn 1.000000 0.000000 0.000000
vn 1.000000 0.000000 0.000000
vn 1.000000 0.000000 0.000000
vn 1.000000 0.000000 0.000000
vn 1.000000 0.000000 0.000000
vn 1.000000 0.000000 0.000000
vn 1.000000 0.000000 0.000000
vn 1.000000 0.000000 0.000000
vn 1.000000 0.000000 0.000000
vn 1.000000 0.000000 0.000000
vn 1.000000 0.000000 0.000000
vn 1.000000 0.000000 0.000000
vn 1.000000 -0.000009 0.000000
vn 1.000000 -0.000009 0.000000
vn 1.000000 -0.000009 0.000000
vn 1.000000 0.000000 0.000000
vn 1.000000 0.000000 0.000000
vn 1.000000 0.000000 0.000000
vn 1.000000 0.000012 0.000000
vn 1.000000 0.000012 0.000000
vn 1.000000 0.000012 0.000000
vn -1.000000 0.000001 -0.000001
vn -1.000000 0.000001 -0.000001
vn -1.000000 0.000001 -0.000001
vn -1.000000 -0.000001 -0.000000
vn -1.000000 -0.000001 -0.000000
vn -1.000000 -0.000001 -0.000000
vn -1.000000 0.000000 0.000000
vn -1.000000 0.000000 0.000000
vn -1.000000 0.000000 0.000000
vn -1.000000 0.000001 0.000000
vn -1.000000 0.000001 0.000000
vn -1.000000 0.000001 0.000000
vn -1.000000 0.000000 0.000000
vn -1.000000 0.000000 0.000000
vn -1.000000 0.000000 0.000000
vn -1.000000 0.000000 0.000000
vn -1.000000 0.000000 0.000000
vn -1.000000 0.000000 0.000000
vn -1.000000 0.000000 0.000000
vn -1.000000 0.000000 0.000000
vn -1.000000 0.000000 0.000000
vn -1.000000 0.000000 0.000000
vn -1.000000 0.000000 0.000000
vn -1.000000 0.000000 0.000000
vn -1.000000 -0.000002 -0.000000
vn -1.000000 -0.000002 -0.000000
vn -1.000000 -0.000002 -0.000000
vn -1.000000 0.000004 0.000001
vn -1.000000 0.000004 0.000001
vn -1.000000 0.000004 0.000001
vn -1.000000 0.000002 0.000004
vn -1.000000 0.000002 0.000004
vn -1.000000 0.000002 0.000004
vn 0.000000 -0.939505 -0.342536
vn 0.000000 -0.939505 -0.342536
vn 0.000000 -0.939505 -0.342536
vn 0.000000 -0.939505 -0.342536
vn 0.000000 -0.939505 -0.342536
vn 0.000000 -0.939505 -0.342536
vn 0.000000 -0.939514 -0.342510
vn 0.000000 -0.939514 -0.342510
vn 0.000000 -0.939514 -0.342510
vn 0.000000 -0.939514 -0.342511
vn 0.000000 -0.939514 -0.342511
vn 0.000000 -0.939514 -0.342511
vn -0.000000 -0.993501 0.113823
vn -0.000000 -0.993501 0.113823
vn -0.000000 -0.993501 0.113823
vn -0.000000 -0.993501 0.113823
vn -0.000000 -0.993501 0.113823
vn -0.000000 -0.993501 0.113823
vn 0.000000 -0.993501 0.113822
vn 0.000000 -0.993501 0.113822
vn 0.000000 -0.993501 0.113822
vn -0.000000 -0.342605 0.939480
vn -0.000000 -0.342605 0.939480
vn -0.000000 -0.342605 0.939480
vn 0.000000 -0.342630 0.939470
vn 0.000000 -0.342630 0.939470
vn 0.000000 -0.342630 0.939470
vn 0.000000 0.939499 0.342552
vn 0.000000 0.939499 0.342551
vn 0.000000 0.939499 0.342551
vn 0.000000 0.939500 0.342550
vn 0.000000 0.939500 0.342550
vn 0.000000 0.939500 0.342550
vn 0.000001 0.422121 0.906539
vn 0.000001 0.422121 0.906539
vn 0.000001 0.422121 0.906539
vn 0.000000 0.422113 0.906543
vn 0.000000 0.422113 0.906543
vn 0.000000 0.422113 0.906543
vn -0.000000 0.422116 0.906542
vn -0.000000 0.422116 0.906542
vn -0.000000 0.422116 0.906542
vn -0.000000 -0.342530 0.939507
vn -0.000000 -0.342530 0.939507
vn -0.000000 -0.342530 0.939507
vn -0.000000 -0.342530 0.939507
vn -0.000000 -0.342530 0.939507
vn -0.000000 -0.342530 0.939507
vn 0.000000 1.000000 -0.000000
vn 0.000000 1.000000 -0.000000
vn 0.000000 1.000000 -0.000000
vn 0.000000 1.000000 0.000000
vn 0.000000 1.000000 0.000000
vn 0.000000 1.000000 0.000000
vn 0.000000 1.000000 0.000001
vn 0.000000 1.000000 0.000001
vn 0.000000 1.000000 0.000001
vn 0.000000 1.000000 -0.000000
vn 0.000000 1.000000 -0.000000
vn 0.000000 1.000000 -0.000000
vn 0.000000 1.000000 0.000000
vn 0.000000 1.000000 0.000000
vn 0.000000 1.000000 0.000000
vn 0.000000 1.000000 -0.000000
vn 0.000000 1.000000 -0.000000
vn 0.000000 1.000000 -0.000000
vn 0.000000 1.000000 0.000000
vn 0.000000 1.000000 0.000000
vn 0.000000 1.000000 0.000000
vn 0.000000 1.000000 0.000000
vn 0.000000 1.000000 0.000000
vn 0.000000 1.000000 0.000000
vn 0.000000 1.000000 -0.000001
vn 0.000000 1.000000 -0.000001
vn 0.000000 1.000000 -0.000001
vn 0.000000 1.000000 0.000000
vn 0.000000 1.000000 0.000000
vn 0.000000 1.000000 0.000000
vn 0.000000 1.000000 0.000000
vn 0.000000 1.000000 0.000000
vn 0.000000 1.000000 0.000000
vn 0.000000 1.000000 0.000000
vn 0.000000 1.000000 0.000000
vn 0.000000 1.000000 0.000000
vn 0.000000 1.000000 0.000000
vn 0.000000 1.000000 0.000000
vn 0.000000 1.000000 0.000000
vn 0.000000 1.000000 0.000000
vn 0.000000 1.000000 0.000000
vn 0.000000 1.000000 0.000000
vn 0.000000 1.000000 0.000001
vn 0.000000 1.000000 0.000001
vn 0.000000 1.000000 0.000001
vn 0.000000 1.000000 -0.000001
vn 0.000000 1.000000 -0.000001
vn 0.000000 1.000000 -0.000001
vn 0.000000 1.000000 0.000000
vn 0.000000 1.000000 0.000000
vn 0.000000 1.000000 0.000000
vn 0.000000 1.000000 0.000000
vn 0.000000 1.000000 0.000000
vn 0.000000 1.000000 0.000000
vn 0.000000 1.000000 0.000001
vn 0.000000 1.000000 0.000001
vn 0.000000 1.000000 0.000001
vn 0.000000 1.000000 -0.000001
vn 0.000000 1.000000 -0.000001
vn 0.000000 1.000000 -0.000001
vn 0.000000 1.000000 0.000000
vn 0.000000 1.000000 0.000000
vn 0.000000 1.000000 0.000000
vn 0.000000 1.000000 0.000000
vn 0.000000 1.000000 0.000000
vn 0.000000 1.000000 0.000000
vn 0.000000 1.000000 0.000000
vn 0.000000 1.000000 0.000000
vn 0.000000 1.000000 0.000000
vn 0.000000 1.000000 0.000000
vn 0.000000 1.000000 0.000000
vn 0.000000 1.000000 0.000000
vn 0.000000 1.000000 0.000000
vn 0.000000 1.000000 0.000000
vn 0.000000 1.000000 0.000000
vn 0.000000 1.000000 0.000000
vn 0.000000 1.000000 0.000000
vn 0.000000 1.000000 0.000000
vn 0.000000 1.000000 0.000000
vn 0.000000 1.000000 0.000000
vn 0.000000 1.000000 0.000000
vn 0.000000 1.000000 0.000000
vn 0.000000 1.000000 0.000000
vn 0.000000 1.000000 0.000000
vn 0.000000 1.000000 0.000000
vn 0.000000 1.000000 0.000000
vn 0.000000 1.000000 0.000000
vn 0.000000 1.000000 0.000000
vn 0.000000 1.000000 0.000000
vn 0.000000 1.000000 0.000000
vn 0.000000 1.000000 0.000000
vn 0.000000 1.000000 0.000000
vn 0.000000 1.000000 0.000000
vn 0.000000 1.000000 -0.000003
vn 0.000000 1.000000 -0.000003
vn 0.000000 1.000000 -0.000003
vn 0.000000 1.000000 0.000000
vn 0.000000 1.000000 0.000000
vn 0.000000 1.000000 0.000000
vn 0.000000 1.000000 -0.000001
vn 0.000000 1.000000 -0.000001
vn 0.000000 1.000000 -0.000001
vn 0.000000 1.000000 0.000000
vn 0.000000 1.000000 0.000000
vn 0.000000 1.000000 0.000000
vn 0.000000 1.000000 0.000000
vn 0.000000 1.000000 0.000000
vn 0.000000 1.000000 0.000000
vn 0.000000 1.000000 0.000002
vn 0.000000 1.000000 0.000002
vn 0.000000 1.000000 0.000002
vn 0.000000 1.000000 -0.000001
vn 0.000000 1.000000 -0.000001
vn 0.000000 1.000000 -0.000001
vn 0.000000 1.000000 0.000000
vn 0.000000 1.000000 0.000000
vn 0.000000 1.000000 0.000000
vn 0.000000 1.000000 0.000001
vn 0.000000 1.000000 0.000001
vn 0.000000 1.000000 0.000001
vn 0.000000 1.000000 -0.000001
vn 0.000000 1.000000 -0.000001
vn 0.000000 1.000000 -0.000001
vn 0.000000 1.000000 0.000000
vn 0.000000 1.000000 0.000000
vn 0.000000 1.000000 0.000000
vn 0.000000 1.000000 0.000000
vn 0.000000 1.000000 0.000000
vn 0.000000 1.000000 0.000000
vn 0.000000 1.000000 -0.000000
vn 0.000000 1.000000 -0.000000
vn 0.000000 1.000000 -0.000000
vn 0.000000 1.000000 0.000000
vn 0.000000 1.000000 0.000000
vn 0.000000 1.000000 0.000000
vn 0.000000 1.000000 0.000000
vn 0.000000 1.000000 0.000000
vn 0.000000 1.000000 0.000000
vn 0.000000 1.000000 0.000000
vn 0.000000 1.000000 0.000000
vn 0.000000 1.000000 0.000000
vn 0.000000 1.000000 0.000001
vn 0.000000 1.000000 0.000001
vn 0.000000 1.000000 0.000001
vn 0.000000 1.000000 -0.000000
vn 0.000000 1.000000 -0.000000
vn 0.000000 1.000000 -0.000000
vn 0.000000 1.000000 0.000000
vn 0.000000 1.000000 0.000000
vn 0.000000 1.000000 0.000000
vn 0.000000 1.000000 -0.000001
vn 0.000000 1.000000 -0.000001
vn 0.000000 1.000000 -0.000001
vn 0.000000 1.000000 0.000001
vn 0.000000 1.000000 0.000001
vn 0.000000 1.000000 0.000001
vn 0.000000 1.000000 -0.000001
vn 0.000000 1.000000 -0.000001
vn 0.000000 1.000000 -0.000001
vn 0.000000 1.000000 0.000001
vn 0.000000 1.000000 0.000001
vn 0.000000 1.000000 0.000001
vn 0.000000 1.000000 -0.000000
vn 0.000000 1.000000 -0.000000
vn 0.000000 1.000000 -0.000000
vn 0.000000 1.000000 -0.000000
vn 0.000000 1.000000 -0.000000
vn 0.000000 1.000000 -0.000000
vn 0.000000 1.000000 -0.000000
vn 0.000000 1.000000 -0.000000
vn 0.000000 1.000000 -0.000000
vn 0.000000 1.000000 0.000000
vn 0.000000 1.000000 0.000000
vn 0.000000 1.000000 0.000000
vn 0.000000 1.000000 0.000001
vn 0.000000 1.000000 0.000001
vn 0.000000 1.000000 0.000001
vn 0.000000 1.000000 0.000000
vn 0.000000 1.000000 0.000000
vn 0.000000 1.000000 0.000000
vn 0.000000 1.000000 0.000000
vn 0.000000 1.000000 0.000000
vn 0.000000 1.000000 0.000000
vn 0.000000 1.000000 0.000001
vn 0.000000 1.000000 0.000001
vn 0.000000 1.000000 0.000001
vn 0.000000 1.000000 0.000000
vn 0.000000 1.000000 0.000000
vn 0.000000 1.000000 0.000000
vn 0.000000 1.000000 0.000000
vn 0.000000 1.000000 0.000000
vn 0.000000 1.000000 0.000000
vn 0.000000 1.000000 -0.000000
vn 0.000000 1.000000 -0.000000
vn 0.000000 1.000000 -0.000000
vn 0.000000 1.000000 0.000000
vn 0.000000 1.000000 0.000000
vn 0.000000 1.000000 0.000000
vn 0.000000 1.000000 0.000000
vn 0.000000 1.000000 0.000000
vn 0.000000 1.000000 0.000000
vn 0.000000 1.000000 0.000001
vn 0.000000 1.000000 0.000001
vn 0.000000 1.000000 0.000001
vn 0.000000 1.000000 -0.000002
vn 0.000000 1.000000 -0.000002
vn 0.000000 1.000000 -0.000002
vn 0.000000 1.000000 0.000001
vn 0.000000 1.000000 0.000001
vn 0.000000 1.000000 0.000001
vn 0.000000 1.000000 0.000000
vn 0.000000 1.000000 0.000000
vn 0.000000 1.000000 0.000000
vn 0.000000 1.000000 -0.000001
vn 0.000000 1.000000 -0.000001
vn 0.000000 1.000000 -0.000001
vn 0.000000 1.000000 0.000000
vn 0.000000 1.000000 0.000000
vn 0.000000 1.000000 0.000000
vn 0.000000 1.000000 0.000000
vn 0.000000 1.000000 0.000000
vn 0.000000 1.000000 0.000000
vn 0.000000 1.000000 -0.000002
vn 0.000000 1.000000 -0.000002
vn 0.000000 1.000000 -0.000002
vn 0.000000 1.000000 0.000000
vn 0.000000 1.000000 0.000000
vn 0.000000 1.000000 0.000000
vn 0.000000 1.000000 0.000000
vn 0.000000 1.000000 0.000000
vn 0.000000 1.000000 0.000000
vn 0.000000 1.000000 0.000000
vn 0.000000 1.000000 0.000000
vn 0.000000 1.000000 0.000000
vn 0.000000 1.000000 -0.000000
vn 0.000000 1.000000 -0.000000
vn 0.000000 1.000000 -0.000000
vn 0.000000 1.000000 0.000000
vn 0.000000 1.000000 0.000000
vn 0.000000 1.000000 0.000000
vn 0.000000 1.000000 0.000000
vn 0.000000 1.000000 0.000000
vn 0.000000 1.000000 0.000000
vn 0.000000 1.000000 0.000000
vn 0.000000 1.000000 0.000000
vn 0.000000 1.000000 0.000000
vn 0.000000 1.000000 -0.000001
vn 0.000000 1.000000 -0.000001
vn 0.000000 1.000000 -0.000001
vn 0.000000 1.000000 0.000001
vn 0.000000 1.000000 0.000001
vn 0.000000 1.000000 0.000001
vn 0.000000 1.000000 -0.000000
vn 0.000000 1.000000 -0.000000
vn 0.000000 1.000000 -0.000000
vn 0.000000 1.000000 -0.000004
vn 0.000000 1.000000 -0.000004
vn 0.000000 1.000000 -0.000004
vn 0.000000 1.000000 0.000000
vn 0.000000 1.000000 0.000000
vn 0.000000 1.000000 0.000000
vn 0.000000 1.000000 0.000002
vn 0.000000 1.000000 0.000002
vn 0.000000 1.000000 0.000002
vn 0.000000 1.000000 0.000000
vn 0.000000 1.000000 0.000000
vn 0.000000 1.000000 0.000000
vn 0.000000 1.000000 -0.000001
vn 0.000000 1.000000 -0.000001
vn 0.000000 1.000000 -0.000001
vn 0.000000 1.000000 0.000000
vn 0.000000 1.000000 0.000000
vn 0.000000 1.000000 0.000000
vn 0.000000 1.000000 0.000000
vn 0.000000 1.000000 0.000000
vn 0.000000 1.000000 0.000000
vn 0.000000 1.000000 0.000000
vn 0.000000 1.000000 0.000000
vn 0.000000 1.000000 0.000000
vn 0.000000 1.000000 0.000000
vn 0.000000 1.000000 0.000000
vn 0.000000 1.000000 0.000000
vn 0.000000 1.000000 0.000001
vn 0.000000 1.000000 0.000001
vn 0.000000 1.000000 0.000001
vn 0.000000 1.000000 0.000000
vn 0.000000 1.000000 0.000000
vn 0.000000 1.000000 0.000000
vn 0.000000 1.000000 -0.000002
vn 0.000000 1.000000 -0.000002
vn 0.000000 1.000000 -0.000002
vn 0.000000 1.000000 0.000000
vn 0.000000 1.000000 0.000000
vn 0.000000 1.000000 0.000000
vn 0.000000 1.000000 0.000004
vn 0.000000 1.000000 0.000004
vn 0.000000 1.000000 0.000004
vn 0.000000 1.000000 -0.000000
vn 0.000000 1.000000 -0.000000
vn 0.000000 1.000000 -0.000000
vn 0.000000 1.000000 0.000000
vn 0.000000 1.000000 0.000000
vn 0.000000 1.000000 0.000000
vn 0.000000 1.000000 -0.000000
vn 0.000000 1.000000 -0.000000
vn 0.000000 1.000000 -0.000000
vn 0.000000 1.000000 0.000000
vn 0.000000 1.000000 0.000000
vn 0.000000 1.000000 0.000000
vn 0.000000 1.000000 0.000000
vn 0.000000 1.000000 0.000000
vn 0.000000 1.000000 0.000000
vn 0.000000 1.000000 0.000000
vn 0.000000 1.000000 0.000000
vn 0.000000 1.000000 0.000000
vn 0.000000 1.000000 -0.000000
vn 0.000000 1.000000 -0.000000
vn 0.000000 1.000000 -0.000000
vn 0.000000 -1.000000 0.000000
vn 0.000000 -1.000000 0.000000
vn 0.000000 -1.000000 0.000000
vn 0.000000 -1.000000 0.000000
vn 0.000000 -1.000000 0.000000
vn 0.000000 -1.000000 0.000000
vn 0.000000 -1.000000 0.000000
vn 0.000000 -1.000000 0.000000
vn 0.000000 -1.000000 0.000000
vn 0.000000 -1.000000 0.000000
vn 0.000000 -1.000000 0.000000
vn 0.000000 -1.000000 0.000000
vn 0.000000 -1.000000 -0.000001
vn 0.000000 -1.000000 -0.000001
vn 0.000000 -1.000000 -0.000001
vn 0.000000 -1.000000 0.000000
vn 0.000000 -1.000000 0.000000
vn 0.000000 -1.000000 0.000000
vn 0.000000 -1.000000 0.000000
vn 0.000000 -1.000000 0.000000
vn 0.000000 -1.000000 0.000000
vn 0.000000 -1.000000 0.000000
vn 0.000000 -1.000000 0.000000
vn 0.000000 -1.000000 0.000000
vn 0.000000 -1.000000 0.000000
vn 0.000000 -1.000000 0.000000
vn 0.000000 -1.000000 0.000000
vn 0.000000 -1.000000 0.000000
vn 0.000000 -1.000000 0.000000
vn 0.000000 -1.000000 0.000000
vn 0.000000 -1.000000 0.000000
vn 0.000000 -1.000000 0.000000
vn 0.000000 -1.000000 0.000000
vn 0.000000 -1.000000 0.000000
vn 0.000000 -1.000000 0.000000
vn 0.000000 -1.000000 0.000000
vn 0.000000 -1.000000 0.000004
vn 0.000000 -1.000000 0.000004
vn 0.000000 -1.000000 0.000004
vn 0.000000 -1.000000 0.000000
vn 0.000000 -1.000000 0.000000
vn 0.000000 -1.000000 0.000000
vn 0.000000 -1.000000 0.000000
vn 0.000000 -1.000000 0.000000
vn 0.000000 -1.000000 0.000000
vn 0.000000 -1.000000 0.000000
vn 0.000000 -1.000000 0.000000
vn 0.000000 -1.000000 0.000000
vn 0.000000 -1.000000 0.000000
vn 0.000000 -1.000000 0.000000
vn 0.000000 -1.000000 0.000000
vn 0.000000 -1.000000 -0.000000
vn 0.000000 -1.000000 -0.000000
vn 0.000000 -1.000000 -0.000000
vn 0.000000 -1.000000 0.000000
vn 0.000000 -1.000000 0.000000
vn 0.000000 -1.000000 0.000000
vn 0.000000 -1.000000 -0.000001
vn 0.000000 -1.000000 -0.000001
vn 0.000000 -1.000000 -0.000001
vn 0.000000 -1.000000 0.000001
vn 0.000000 -1.000000 0.000001
vn 0.000000 -1.000000 0.000001
vn 0.000000 -1.000000 -0.000001
vn 0.000000 -1.000000 -0.000001
vn 0.000000 -1.000000 -0.000001
vn 0.000000 -1.000000 0.000000
vn 0.000000 -1.000000 0.000000
vn 0.000000 -1.000000 0.000000
vn 0.000000 -1.000000 0.000000
vn 0.000000 -1.000000 0.000000
vn 0.000000 -1.000000 0.000000
vn 0.000000 -1.000000 0.000000
vn 0.000000 -1.000000 0.000000
vn 0.000000 -1.000000 0.000000
vn 0.000000 -1.000000 0.000000
vn 0.000000 -1.000000 0.000000
vn 0.000000 -1.000000 0.000000
vn 0.000000 -1.000000 -0.000001
vn 0.000000 -1.000000 -0.000001
vn 0.000000 -1.000000 -0.000001
vn 0.000000 -1.000000 0.000000
vn 0.000000 -1.000000 0.000000
vn 0.000000 -1.000000 0.000000
vn 0.000000 -1.000000 -0.000000
vn 0.000000 -1.000000 -0.000000
vn 0.000000 -1.000000 -0.000000
vn 0.000000 -1.000000 0.000000
vn 0.000000 -1.000000 0.000000
vn 0.000000 -1.000000 0.000000
vn 0.000000 -1.000000 0.000001
vn 0.000000 -1.000000 0.000001
vn 0.000000 -1.000000 0.000001
vn 0.000000 -1.000000 -0.000000
vn 0.000000 -1.000000 -0.000000
vn 0.000000 -1.000000 -0.000000
vn 0.000000 -1.000000 -0.000000
vn 0.000000 -1.000000 -0.000000
vn 0.000000 -1.000000 -0.000000
vn 0.000000 -1.000000 0.000000
vn 0.000000 -1.000000 0.000000
vn 0.000000 -1.000000 0.000000
vn 0.000000 -1.000000 0.000000
vn 0.000000 -1.000000 0.000000
vn 0.000000 -1.000000 0.000000
vn 0.000000 -1.000000 0.000001
vn 0.000000 -1.000000 0.000001
vn 0.000000 -1.000000 0.000001
vn 0.000000 -1.000000 -0.000001
vn 0.000000 -1.000000 -0.000001
vn 0.000000 -1.000000 -0.000001
vn 0.000000 -1.000000 0.000000
vn 0.000000 -1.000000 0.000000
vn 0.000000 -1.000000 0.000000
vn 0.000000 -1.000000 0.000000
vn 0.000000 -1.000000 0.000000
vn 0.000000 -1.000000 0.000000
vn 0.000000 -1.000000 0.000000
vn 0.000000 -1.000000 0.000000
vn 0.000000 -1.000000 0.000000
vn 0.000000 -1.000000 -0.000001
vn 0.000000 -1.000000 -0.000001
vn 0.000000 -1.000000 -0.000001
vn 0.000000 -1.000000 0.000001
vn 0.000000 -1.000000 0.000001
vn 0.000000 -1.000000 0.000001
vn 0.000000 -1.000000 0.000000
vn 0.000000 -1.000000 0.000000
vn 0.000000 -1.000000 0.000000
vn 0.000000 -1.000000 -0.000001
vn 0.000000 -1.000000 -0.000001
vn 0.000000 -1.000000 -0.000001
vn 0.000000 -1.000000 0.000002
vn 0.000000 -1.000000 0.000002
vn 0.000000 -1.000000 0.000002
vn 0.000000 -1.000000 0.000000
vn 0.000000 -1.000000 0.000000
vn 0.000000 -1.000000 0.000000
vn 0.000000 -1.000000 -0.000001
vn 0.000000 -1.000000 -0.000001
vn 0.000000 -1.000000 -0.000001
vn 0.000000 -1.000000 0.000000
vn 0.000000 -1.000000 0.000000
vn 0.000000 -1.000000 0.000000
vn 0.000000 -1.000000 0.000003
vn 0.000000 -1.000000 0.000003
vn 0.000000 -1.000000 0.000003
vn 0.000000 -1.000000 -0.000006
vn 0.000000 -1.000000 -0.000006
vn 0.000000 -1.000000 -0.000006
vn 0.000000 -1.000000 0.000000
vn 0.000000 -1.000000 0.000000
vn 0.000000 -1.000000 0.000000
vn 0.000000 -1.000000 0.000000
vn 0.000000 -1.000000 0.000000
vn 0.000000 -1.000000 0.000000
vn 0.000000 -1.000000 0.000000
vn 0.000000 -1.000000 0.000000
vn 0.000000 -1.000000 0.000000
vn 0.000000 -1.000000 0.000000
vn 0.000000 -1.000000 0.000000
vn 0.000000 -1.000000 0.000000
vn 0.000000 -1.000000 0.000000
vn 0.000000 -1.000000 0.000000
vn 0.000000 -1.000000 0.000000
vn 0.000000 -1.000000 0.000000
vn 0.000000 -1.000000 0.000000
vn 0.000000 -1.000000 0.000000
vn 0.000000 -1.000000 -0.000000
vn 0.000000 -1.000000 -0.000000
vn 0.000000 -1.000000 -0.000000
vn 0.000000 -1.000000 0.000001
vn 0.000000 -1.000000 0.000001
vn 0.000000 -1.000000 0.000001
vn 0.000000 -1.000000 -0.000002
vn 0.000000 -1.000000 -0.000002
vn 0.000000 -1.000000 -0.000002
vn 0.000000 -1.000000 0.000002
vn 0.000000 -1.000000 0.000002
vn 0.000000 -1.000000 0.000002
vn 0.000000 -1.000000 -0.000001
vn 0.000000 -1.000000 -0.000001
vn 0.000000 -1.000000 -0.000001
vn 0.000000 -1.000000 0.000000
vn 0.000000 -1.000000 0.000000
vn 0.000000 -1.000000 0.000000
vn 0.000000 -1.000000 -0.000001
vn 0.000000 -1.000000 -0.000001
vn 0.000000 -1.000000 -0.000001
vn 0.000000 -1.000000 0.000001
vn 0.000000 -1.000000 0.000001
vn 0.000000 -1.000000 0.000001
vn 0.000000 -1.000000 0.000000
vn 0.000000 -1.000000 0.000000
vn 0.000000 -1.000000 0.000000
vn 0.000000 -1.000000 0.000001
vn 0.000000 -1.000000 0.000001
vn 0.000000 -1.000000 0.000001
vn 0.000000 -1.000000 0.000000
vn 0.000000 -1.000000 0.000000
vn 0.000000 -1.000000 0.000000
vn 0.000000 -1.000000 0.000000
vn 0.000000 -1.000000 0.000000
vn 0.000000 -1.000000 0.000000
vn 0.000000 -1.000000 0.000000
vn 0.000000 -1.000000 0.000000
vn 0.000000 -1.000000 0.000000
vn 0.000000 -1.000000 -0.000000
vn 0.000000 -1.000000 -0.000000
vn 0.000000 -1.000000 -0.000000
vn 0.000000 -1.000000 -0.000000
vn 0.000000 -1.000000 -0.000000
vn 0.000000 -1.000000 -0.000000
vn 0.000000 -1.000000 0.000000
vn 0.000000 -1.000000 0.000000
vn 0.000000 -1.000000 0.000000
vn 0.000000 -1.000000 0.000000
vn 0.000000 -1.000000 0.000000
vn 0.000000 -1.000000 0.000000
vn 0.000000 -1.000000 0.000000
vn 0.000000 -1.000000 0.000000
vn 0.000000 -1.000000 0.000000
vn 0.000000 -1.000000 0.000000
vn 0.000000 -1.000000 0.000000
vn 0.000000 -1.000000 0.000000
vn 0.000000 -1.000000 -0.000000
vn 0.000000 -1.000000 -0.000000
vn 0.000000 -1.000000 -0.000000
vn 0.000000 -1.000000 0.000000
vn 0.000000 -1.000000 0.000000
vn 0.000000 -1.000000 0.000000
vn 0.000000 -1.000000 0.000000
vn 0.000000 -1.000000 0.000000
vn 0.000000 -1.000000 0.000000
vn 0.000000 -1.000000 0.000000
vn 0.000000 -1.000000 0.000000
vn 0.000000 -1.000000 0.000000
vn 0.000000 -1.000000 -0.000001
vn 0.000000 -1.000000 -0.000001
vn 0.000000 -1.000000 -0.000001
vn 0.000000 -1.000000 0.000002
vn 0.000000 -1.000000 0.000002
vn 0.000000 -1.000000 0.000002
vn 0.000000 -1.000000 -0.000001
vn 0.000000 -1.000000 -0.000001
vn 0.000000 -1.000000 -0.000001
vn 0.000000 -1.000000 0.000000
vn 0.000000 -1.000000 0.000000
vn 0.000000 -1.000000 0.000000
vn 0.000000 -1.000000 0.000000
vn 0.000000 -1.000000 0.000000
vn 0.000000 -1.000000 0.000000
vn 0.000000 -1.000000 0.000001
vn 0.000000 -1.000000 0.000001
vn 0.000000 -1.000000 0.000001
vn 0.000000 -1.000000 0.000000
vn 0.000000 -1.000000 0.000000
vn 0.000000 -1.000000 0.000000
vn 0.000000 -1.000000 0.000000
vn 0.000000 -1.000000 0.000000
vn 0.000000 -1.000000 0.000000
vn 0.000000 -1.000000 -0.000001
vn 0.000000 -1.000000 -0.000001
vn 0.000000 -1.000000 -0.000001
vn 0.000000 -1.000000 0.000001
vn 0.000000 -1.000000 0.000001
vn 0.000000 -1.000000 0.000001
vn 0.000000 -1.000000 0.000000
vn 0.000000 -1.000000 0.000000
vn 0.000000 -1.000000 0.000000
vn 0.000000 -1.000000 0.000000
vn 0.000000 -1.000000 0.000000
vn 0.000000 -1.000000 0.000000
vn 0.000000 -1.000000 0.000000
vn 0.000000 -1.000000 0.000000
vn 0.000000 -1.000000 0.000000
vn 0.000000 -1.000000 0.000000
vn 0.000000 -1.000000 0.000000
vn 0.000000 -1.000000 0.000000
vn 0.000000 -1.000000 -0.000002
vn 0.000000 -1.000000 -0.000002
vn 0.000000 -1.000000 -0.000002
vn 0.000000 -1.000000 0.000000
vn 0.000000 -1.000000 0.000000
vn 0.000000 -1.000000 0.000000
vn 0.000000 -1.000000 0.000001
vn 0.000000 -1.000000 0.000001
vn 0.000000 -1.000000 0.000001
vn 0.000000 -1.000000 0.000000
vn 0.000000 -1.000000 0.000000
vn 0.000000 -1.000000 0.000000
vn 0.000000 -1.000000 0.000000
vn 0.000000 -1.000000 0.000000
vn 0.000000 -1.000000 0.000000
vn 0.000000 -1.000000 0.000000
vn 0.000000 -1.000000 0.000000
vn 0.000000 -1.000000 0.000000
vn 0.000000 -1.000000 0.000000
vn 0.000000 -1.000000 0.000000
vn 0.000000 -1.000000 0.000000
vn 0.000000 -1.000000 -0.000001
vn 0.000000 -1.000000 -0.000001
vn 0.000000 -1.000000 -0.000001
vn 0.000000 -1.000000 0.000000
vn 0.000000 -1.000000 0.000000
vn 0.000000 -1.000000 0.000000
vn 0.000000 -1.000000 0.000000
vn 0.000000 -1.000000 0.000000
vn 0.000000 -1.000000 0.000000
vn 0.000000 -1.000000 0.000000
vn 0.000000 -1.000000 0.000000
vn 0.000000 -1.000000 0.000000
vn 0.000000 -1.000000 0.000000
vn 0.000000 -1.000000 0.000000
vn 0.000000 -1.000000 0.000000
vn 0.000000 -1.000000 0.000000
vn 0.000000 -1.000000 0.000000
vn 0.000000 -1.000000 0.000000
vn -0.866025 0.000000 -0.500002
vn -0.866024 0.000000 -0.500002
vn -0.866024 0.000001 -0.500002
vn -0.818973 0.000000 -0.573832
vn -0.818973 0.000000 -0.573831
vn -0.818973 0.000000 -0.573832
vn -0.818973 0.000006 -0.573832
vn -0.818973 0.000009 -0.573832
vn -0.818973 0.000003 -0.573831
vn -0.818979 0.000000 -0.573824
vn -0.818979 0.000000 -0.573824
vn -0.818979 0.000000 -0.573824
vn -0.818979 0.000000 -0.573824
vn -0.818979 0.000000 -0.573824
vn -0.818979 0.000000 -0.573824
vn -0.818979 0.000000 -0.573824
vn -0.818979 0.000000 -0.573824
vn -0.818979 0.000000 -0.573824
vn -0.818979 0.000000 -0.573824
vn -0.818979 0.000000 -0.573824
vn -0.818979 0.000000 -0.573824
vn -0.818979 0.000000 -0.573824
vn -0.818979 0.000000 -0.573824
vn -0.818979 0.000000 -0.573824
vn -0.818979 0.000000 -0.573824
vn -0.818979 0.000000 -0.573824
vn -0.818979 0.000000 -0.573824
vn -0.818979 0.000000 -0.573824
vn -0.818979 0.000000 -0.573824
vn -0.818979 0.000000 -0.573824
vn 0.818962 0.000002 -0.573848
vn 0.818962 0.000002 -0.573848
vn 0.818962 0.000002 -0.573848
vn 0.818973 0.000022 -0.573832
vn 0.818973 0.000022 -0.573832
vn 0.818973 0.000022 -0.573832
vn 0.818978 0.000000 -0.573826
vn 0.818978 0.000000 -0.573826
vn 0.818978 0.000000 -0.573826
vn 0.818978 0.000000 -0.573826
vn 0.818978 0.000000 -0.573826
vn 0.818977 0.000000 -0.573826
vn 0.818978 0.000011 -0.573826
vn 0.818977 0.000011 -0.573826
vn 0.818978 0.000011 -0.573826
vn 0.818979 0.000028 -0.573824
vn 0.818979 0.000028 -0.573824
vn 0.818979 0.000028 -0.573824
vn 0.866025 0.000005 -0.500001
vn 0.866025 0.000005 -0.500001
vn 0.866025 0.000005 -0.500001
vn 0.866026 0.000002 -0.500000
vn 0.866025 0.000002 -0.500000
vn 0.866025 0.000002 -0.500000
vn 0.483109 0.000000 -0.875560
vn 0.483109 0.000000 -0.875560
vn 0.466047 0.000000 -0.884760
vn 0.466047 0.000000 -0.884760
vn 0.431384 0.000000 -0.902169
vn 0.431384 0.000000 -0.902169
vn 0.396078 0.000000 -0.918217
vn 0.396078 0.000000 -0.918217
vn 0.360177 0.000000 -0.932884
vn 0.360178 0.000000 -0.932884
vn 0.323729 0.000000 -0.946150
vn 0.323729 0.000000 -0.946150
vn 0.286806 0.000000 -0.957989
vn 0.286806 0.000000 -0.957989
vn 0.249442 0.000000 -0.968390
vn 0.249442 0.000000 -0.968390
vn 0.211706 0.000000 -0.977333
vn 0.211706 0.000000 -0.977333
vn 0.173650 0.000000 -0.984807
vn 0.173650 0.000000 -0.984807
vn 0.135333 0.000000 -0.990800
vn 0.135333 0.000000 -0.990800
vn 0.096810 0.000000 -0.995303
vn 0.096810 0.000000 -0.995303
vn 0.058139 0.000000 -0.998309
vn 0.058139 0.000000 -0.998309
vn 0.019392 0.000000 -0.999812
vn 0.019392 0.000000 -0.999812
vn -0.019390 0.000000 -0.999812
vn -0.019390 0.000000 -0.999812
vn -0.058140 0.000000 -0.998308
vn -0.058140 0.000000 -0.998308
vn -0.096810 0.000000 -0.995303
vn -0.096810 0.000000 -0.995303
vn -0.135333 0.000000 -0.990800
vn -0.135333 0.000000 -0.990800
vn -0.173650 0.000000 -0.984807
vn -0.173650 0.000000 -0.984808
vn -0.211704 0.000000 -0.977334
vn -0.211704 0.000000 -0.977334
vn -0.249440 0.000000 -0.968390
vn -0.249440 0.000000 -0.968390
vn -0.286807 0.000000 -0.957989
vn -0.286807 0.000000 -0.957989
vn -0.323735 0.000000 -0.946148
vn -0.323735 0.000000 -0.946148
vn -0.360182 0.000000 -0.932882
vn -0.360182 0.000000 -0.932882
vn -0.396074 0.000000 -0.918219
vn -0.396073 0.000000 -0.918219
vn -0.431386 0.000000 -0.902168
vn -0.431386 0.000000 -0.902168
vn -0.466047 0.000000 -0.884760
vn -0.466049 -0.000001 -0.884759
vn -0.483099 -0.000001 -0.875566
vn -0.483103 -0.000003 -0.875564
vn -0.173653 0.000000 0.984807
vn -0.173653 0.000000 0.984807
vn 0.000000 0.000000 1.000000
vn -0.000000 0.000000 1.000000
vn 0.173661 0.000000 0.984806
vn 0.173661 0.000000 0.984806
vn 0.341987 0.000000 0.939705
vn 0.341987 0.000000 0.939705
vn 0.499998 0.000000 0.866027
vn 0.500026 -0.000003 0.866010
vn 0.642780 -0.000005 0.766051
vn 0.642779 -0.000004 0.766052
vn 0.766054 -0.000004 0.642776
vn 0.766021 0.000000 0.642816
vn 0.866036 0.000000 0.499982
vn 0.866036 0.000000 0.499982
vn 0.939672 0.000000 0.342077
vn 0.939672 0.000000 0.342077
vn 0.984805 0.000000 0.173662
vn 0.984806 -0.000000 0.173660
vn 1.000000 -0.000000 0.000000
vn 1.000000 -0.000000 -0.000000
vn 0.984808 0.000000 -0.173649
vn 0.984807 0.000000 -0.173651
vn 0.939668 0.000000 -0.342089
vn 0.939668 0.000000 -0.342089
vn 0.866035 0.000000 -0.499983
vn 0.866036 0.000000 -0.499982
vn 0.766051 0.000000 -0.642780
vn 0.766052 0.000000 -0.642779
vn 0.642783 0.000000 -0.766048
vn 0.642777 -0.000001 -0.766054
vn 0.500029 -0.000001 -0.866009
vn 0.500027 -0.000001 -0.866010
vn 0.342011 -0.000000 -0.939696
vn 0.342020 0.000000 -0.939693
vn 0.173624 0.000000 -0.984812
vn 0.173627 0.000000 -0.984811
vn -0.000002 0.000000 -1.000000
vn 0.000002 0.000000 -1.000000
vn -0.173620 0.000000 -0.984813
vn -0.173616 0.000000 -0.984814
vn -0.342033 0.000000 -0.939688
vn -0.342031 0.000000 -0.939689
vn -0.499999 0.000000 -0.866026
vn -0.500000 0.000000 -0.866025
vn -0.642793 0.000000 -0.766040
vn -0.642794 0.000000 -0.766039
vn -0.766049 0.000000 -0.642782
vn -0.766049 0.000000 -0.642782
vn -0.866021 0.000000 -0.500008
vn -0.866021 0.000000 -0.500008
vn -0.939704 0.000000 -0.341990
vn -0.939704 0.000000 -0.341990
vn -0.984806 0.000000 -0.173656
vn -0.984806 0.000000 -0.173656
vn -1.000000 0.000000 0.000000
vn -1.000000 0.000000 0.000000
vn -0.984804 0.000000 0.173669
vn -0.984804 0.000000 0.173668
vn -0.939708 0.000000 0.341978
vn -0.939708 0.000000 0.341978
vn -0.866021 0.000000 0.500008
vn -0.866021 0.000000 0.500008
vn -0.766019 0.000000 0.642818
vn -0.766019 0.000000 0.642818
vn -0.642794 0.000000 0.766039
vn -0.642794 0.000000 0.766039
vn -0.499999 0.000000 0.866026
vn -0.500000 0.000000 0.866026
vn -0.342023 0.000000 0.939692
vn -0.342023 0.000000 0.939691
vn -0.173638 0.000000 0.984810
vn -0.173650 0.000000 0.984808
vn 0.000000 -0.000001 1.000000
vn -0.000000 0.000000 1.000000
vn 0.173644 -0.000001 0.984809
vn 0.173633 0.000000 0.984810
vn 0.341999 0.000000 0.939700
vn 0.342000 0.000000 0.939700
vn 0.500021 0.000000 0.866014
vn 0.500021 0.000000 0.866013
vn 0.642818 0.000000 0.766019
vn 0.642817 0.000000 0.766019
vn 0.766020 0.000000 0.642817
vn 0.766020 0.000000 0.642817
vn 0.866004 0.000000 0.500037
vn 0.866004 0.000000 0.500037
vn 0.939719 0.000000 0.341947
vn 0.939719 0.000000 0.341947
vn 0.984811 0.000000 0.173631
vn 0.984811 0.000000 0.173631
vn 1.000000 0.000000 0.000000
vn 1.000000 0.000000 0.000000
vn 0.984813 0.000000 -0.173618
vn 0.984813 0.000000 -0.173618
vn 0.939716 0.000000 -0.341956
vn 0.939716 0.000000 -0.341956
vn 0.865986 0.000000 -0.500069
vn 0.866001 0.000002 -0.500042
vn 0.766051 0.000003 -0.642780
vn 0.766052 0.000003 -0.642779
vn 0.642835 0.000002 -0.766005
vn 0.642817 0.000000 -0.766020
vn 0.500008 0.000000 -0.866021
vn 0.500007 0.000000 -0.866022
vn 0.342033 0.000000 -0.939688
vn 0.342031 0.000000 -0.939689
vn 0.173620 0.000000 -0.984813
vn 0.173617 0.000000 -0.984813
vn 0.000002 0.000000 -1.000000
vn -0.000002 0.000000 -1.000000
vn -0.173610 0.000000 -0.984815
vn -0.173613 0.000000 -0.984814
vn -0.342020 0.000000 -0.939693
vn -0.342021 0.000000 -0.939692
vn -0.500024 0.000000 -0.866012
vn -0.500025 0.000000 -0.866011
vn -0.642798 0.000000 -0.766036
vn -0.642798 0.000000 -0.766035
vn -0.766050 0.000000 -0.642781
vn -0.766050 0.000000 -0.642781
vn -0.866019 0.000000 -0.500012
vn -0.866018 0.000000 -0.500012
vn -0.939693 0.000000 -0.342020
vn -0.939692 0.000000 -0.342021
vn -0.984806 0.000000 -0.173656
vn -0.984806 0.000000 -0.173656
vn -1.000000 0.000000 0.000000
vn -1.000000 0.000000 0.000000
vn -0.984798 0.000000 0.173702
vn -0.984798 0.000000 0.173702
vn -0.939696 0.000000 0.342012
vn -0.939696 0.000000 0.342011
vn -0.866036 0.000000 0.499982
vn -0.866036 0.000000 0.499982
vn -0.766020 0.000000 0.642817
vn -0.766020 0.000000 0.642817
vn -0.642798 0.000000 0.766036
vn -0.642783 -0.000001 0.766048
vn -0.500038 -0.000001 0.866004
vn -0.500036 -0.000001 0.866004
vn -0.341989 -0.000001 0.939704
vn -0.341998 0.000000 0.939701
vn -0.510296 0.293481 -0.808373
vn -0.506801 0.293944 -0.810401
vn -0.506288 0.294815 -0.810405
vn -0.504442 0.293607 -0.811993
vn -0.504823 0.291948 -0.812354
vn -0.506653 0.291069 -0.811530
vn -0.510161 0.291793 -0.809069
vn -0.510565 0.289454 -0.809654
vn -0.512899 0.292913 -0.806930
vn -0.513097 0.289371 -0.808082
vn -0.515498 0.291118 -0.805923
vn -0.515584 0.289219 -0.806552
vn -0.519016 0.291136 -0.803656
vn -0.519767 0.287997 -0.804301
vn -0.522832 0.290974 -0.801237
vn -0.526972 0.286276 -0.800217
vn -0.527154 0.287653 -0.799603
vn -0.528631 0.281783 -0.800717
vn -0.516203 0.292256 -0.805059
vn -0.521807 0.291379 -0.801758
vn -0.532461 0.269455 -0.802421
vn -0.528939 0.272686 -0.803658
vn -0.525843 0.277982 -0.803875
vn -0.525476 0.279770 -0.803495
vn -0.521121 0.278552 -0.806748
vn -0.520632 0.282072 -0.805840
vn -0.516192 0.280022 -0.809403
vn -0.515948 0.283472 -0.808357
vn -0.513191 0.280135 -0.811270
vn -0.513169 0.283563 -0.810092
vn -0.510101 0.280169 -0.813205
vn -0.510285 0.283635 -0.811887
vn -0.505596 0.282169 -0.815324
vn -0.505996 0.285501 -0.813915
vn -0.503369 0.282738 -0.816504
vn -0.503868 0.285812 -0.815125
vn -0.502016 0.279977 -0.818287
vn -0.504225 0.288955 -0.813795
vn -0.534489 0.257071 -0.805131
vn -0.530750 0.261589 -0.806148
vn -0.527763 0.268789 -0.805741
vn -0.522283 0.269977 -0.808908
vn -0.521653 0.274568 -0.807769
vn -0.516702 0.271685 -0.811916
vn -0.516428 0.276131 -0.810588
vn -0.513243 0.271730 -0.814091
vn -0.513229 0.276197 -0.812595
vn -0.509628 0.271709 -0.816366
vn -0.509880 0.276232 -0.814689
vn -0.504621 0.274072 -0.818684
vn -0.505142 0.278393 -0.816902
vn -0.502002 0.274720 -0.820075
vn -0.502808 0.279161 -0.818079
vn -0.534512 0.249198 -0.807587
vn -0.539749 0.238977 -0.807193
vn -0.533671 0.238317 -0.811419
vn -0.540152 0.228207 -0.810036
vn -0.526951 0.231653 -0.817716
vn -0.528375 0.218193 -0.820495
vn -0.519218 0.221112 -0.825543
vn -0.519764 0.204106 -0.829570
vn -0.512135 0.203317 -0.834494
vn -0.511178 0.180152 -0.840382
vn -0.501158 0.179140 -0.846611
vn -0.496567 0.145948 -0.855641
vn -0.486425 0.153066 -0.860211
vn -0.479828 0.094593 -0.872248
vn -0.462543 0.098315 -0.881129
vn -0.436635 0.005849 -0.899620
vn -0.445693 0.091516 -0.890496
vn -0.398218 0.009183 -0.917245
vn -0.436185 0.099744 -0.894312
vn -0.429165 0.101490 -0.897506
vn -0.454057 0.153640 -0.877626
vn -0.445363 0.152175 -0.882323
vn -0.461572 0.174651 -0.869740
vn -0.454526 0.175384 -0.873297
vn -0.448947 0.162723 -0.878617
vn -0.442789 0.154688 -0.883182
vn -0.440141 0.146319 -0.885927
vn -0.405264 0.091650 -0.909594
vn -0.351488 0.008134 -0.936157
vn -0.545012 0.212162 -0.811141
vn -0.538542 0.210288 -0.815936
vn -0.530057 0.200822 -0.823838
vn -0.520291 0.181346 -0.834513
vn -0.509205 0.147441 -0.847922
vn -0.494416 0.095628 -0.863949
vn -0.477916 0.013206 -0.878306
vn -0.543753 0.196367 -0.815949
vn -0.551558 0.184305 -0.813521
vn -0.548058 0.172327 -0.818496
vn -0.557871 0.151625 -0.815960
vn -0.552976 0.138563 -0.821594
vn -0.566143 0.100450 -0.818164
vn -0.561552 0.085118 -0.823052
vn -0.567775 0.018379 -0.822979
vn -0.551802 0.009932 -0.833916
vn -0.540499 0.089948 -0.836523
vn -0.518849 0.013280 -0.854763
vn -0.524192 0.098192 -0.845921
vn -0.506776 0.085125 -0.857865
vn -0.520423 0.149241 -0.840766
vn -0.308583 0.003042 -0.951193
vn -0.376443 0.071958 -0.923641
vn -0.392989 0.092052 -0.914924
vn -0.414960 0.118668 -0.902068
vn -0.424715 0.132582 -0.895567
vn -0.271433 0.000000 -0.962457
vn -0.303066 0.021224 -0.952733
vn -0.345112 0.069092 -0.936015
vn -0.390489 0.101027 -0.915048
vn -0.408376 0.122609 -0.904542
vn -0.432170 0.146925 -0.889743
vn -0.465976 0.183438 -0.865573
vn -0.461383 0.184125 -0.867885
vn -0.466391 0.186523 -0.864690
vn -0.470564 0.196187 -0.860279
vn -0.476983 0.198509 -0.856202
vn -0.473532 0.185544 -0.861012
vn -0.482586 0.207458 -0.850924
vn -0.486958 0.206791 -0.848593
vn -0.490476 0.224345 -0.842082
vn -0.498055 0.224602 -0.837553
vn -0.499877 0.237565 -0.832878
vn -0.506810 0.233611 -0.829801
vn -0.507708 0.244351 -0.826151
vn -0.513110 0.244632 -0.822723
vn -0.513828 0.253736 -0.819511
vn -0.518814 0.254364 -0.816168
vn -0.516529 0.266163 -0.813852
vn -0.522197 0.264197 -0.810870
vn -0.475649 0.206948 -0.854945
vn -0.479178 0.208244 -0.852657
vn -0.482059 0.213816 -0.849648
vn -0.484729 0.222598 -0.845865
vn -0.485777 0.224406 -0.844786
vn -0.491500 0.230013 -0.839953
vn -0.495193 0.237880 -0.835582
vn -0.489713 0.240779 -0.837978
vn -0.492090 0.239530 -0.836943
vn -0.495629 0.247579 -0.832500
vn -0.495724 0.247258 -0.832539
vn -0.497667 0.248604 -0.830977
vn -0.499921 0.257423 -0.826929
vn -0.503850 0.257197 -0.824612
vn -0.503339 0.268690 -0.821253
vn -0.508059 0.266018 -0.819214
vn -0.499663 0.267309 -0.823944
vn -0.500887 0.269483 -0.822491
vn -0.525118 0.281462 -0.803138
vn -0.520178 0.285205 -0.805030
vn -0.515762 0.286507 -0.807405
vn -0.513147 0.286615 -0.809032
vn -0.510431 0.286717 -0.810712
vn -0.506358 0.288433 -0.812655
vn -0.512713 0.266313 -0.816213
vn -0.525498 0.252096 -0.812588
vn -0.518191 0.244807 -0.819480
vn -0.512958 0.233971 -0.825913
vn -0.505582 0.220094 -0.834233
vn -0.495586 0.207806 -0.843333
vn -0.481620 0.183759 -0.856898
vn -0.464051 0.151772 -0.872710
vn -0.525720 0.242414 -0.815386
vn -0.509153 0.253681 -0.822441
vn -0.501264 0.247880 -0.829030
vn -0.518689 0.234296 -0.822233
vn -0.512672 0.220568 -0.829770
vn -0.503819 0.202611 -0.839712
vn -0.492053 0.185190 -0.850640
vn -0.473394 0.150941 -0.867822
vn -0.532039 0.177630 -0.827878
vn -0.534082 0.145020 -0.832902
vn -0.000000 -0.761294 -0.648406
vn -0.000000 -0.761294 -0.648406
vn -0.000000 -0.761294 -0.648406
vn -0.000003 -0.761270 -0.648436
vn -0.000003 -0.761270 -0.648436
vn -0.000003 -0.761270 -0.648436
vn -0.000001 -0.761294 -0.648407
vn -0.000001 -0.761294 -0.648407
vn -0.000001 -0.761294 -0.648407
vn 0.000000 -0.761292 -0.648409
vn 0.000000 -0.761292 -0.648409
vn 0.000000 -0.761292 -0.648409
vn -0.000142 -0.938425 -0.345484
vn -0.000142 -0.938425 -0.345484
vn -0.000142 -0.938425 -0.345484
vn 0.000232 -0.938298 -0.345828
vn 0.000232 -0.938298 -0.345828
vn 0.000232 -0.938298 -0.345828
vn -0.000127 -0.938478 -0.345340
vn -0.000127 -0.938478 -0.345340
vn -0.000127 -0.938478 -0.345340
vn -0.000002 -0.938408 -0.345529
vn -0.000002 -0.938408 -0.345529
vn -0.000002 -0.938408 -0.345529
vn -0.000014 -0.938245 -0.345971
vn -0.000014 -0.938245 -0.345971
vn -0.000014 -0.938245 -0.345971
vn 0.000028 -0.938750 -0.344598
vn 0.000028 -0.938751 -0.344598
vn 0.000028 -0.938750 -0.344598
vn -0.000022 -0.938205 -0.346081
vn -0.000022 -0.938205 -0.346081
vn -0.000022 -0.938205 -0.346081
vn 0.000030 -0.938721 -0.344679
vn 0.000030 -0.938721 -0.344679
vn 0.000030 -0.938721 -0.344679
vn -0.000001 -0.938434 -0.345457
vn -0.000001 -0.938434 -0.345457
vn -0.000001 -0.938434 -0.345458
vn 0.000013 -0.938076 -0.346429
vn 0.000013 -0.938076 -0.346429
vn 0.000013 -0.938076 -0.346429
vn -0.000006 -0.938675 -0.344803
vn -0.000006 -0.938675 -0.344803
vn -0.000006 -0.938675 -0.344803
vn 0.000007 -0.938103 -0.346357
vn 0.000007 -0.938103 -0.346357
vn 0.000007 -0.938103 -0.346357
vn 0.000004 -0.938332 -0.345736
vn 0.000004 -0.938332 -0.345736
vn 0.000004 -0.938332 -0.345736
vn 0.000001 -0.938683 -0.344780
vn 0.000001 -0.938683 -0.344780
vn 0.000001 -0.938683 -0.344780
vn 0.000001 -0.938441 -0.345440
vn 0.000001 -0.938441 -0.345440
vn 0.000001 -0.938441 -0.345440
vn -0.000000 -0.938177 -0.346156
vn -0.000000 -0.938177 -0.346156
vn -0.000000 -0.938177 -0.346156
vn 0.000005 -0.938592 -0.345028
vn 0.000005 -0.938593 -0.345028
vn 0.000005 -0.938593 -0.345028
vn 0.000000 -0.938347 -0.345695
vn 0.000000 -0.938347 -0.345695
vn 0.000000 -0.938347 -0.345695
vn 0.000012 -0.938842 -0.344347
vn 0.000012 -0.938843 -0.344347
vn 0.000012 -0.938843 -0.344347
vn -0.000019 -0.937824 -0.347111
vn -0.000019 -0.937824 -0.347111
vn -0.000019 -0.937824 -0.347111
vn 0.000029 -0.939128 -0.343568
vn 0.000029 -0.939128 -0.343568
vn 0.000029 -0.939128 -0.343568
vn -0.000014 -0.938113 -0.346331
vn -0.000014 -0.938113 -0.346331
vn -0.000014 -0.938113 -0.346331
vn 0.000015 -0.938730 -0.344652
vn 0.000015 -0.938730 -0.344652
vn 0.000015 -0.938730 -0.344652
vn -0.000003 -0.938383 -0.345596
vn -0.000003 -0.938383 -0.345597
vn -0.000003 -0.938383 -0.345597
vn -0.000598 -0.939232 -0.343281
vn 0.000656 -0.937394 -0.348271
vn 0.002137 -0.935065 -0.354471
vn -0.002081 -0.941721 -0.336390
vn -0.001631 -0.940981 -0.338456
vn 0.000615 -0.937255 -0.348644
vn -0.024476 -0.922851 -0.384379
vn 0.004133 -0.940850 -0.338797
vn -0.028393 -0.919572 -0.391895
vn 0.002922 -0.940210 -0.340583
vn 0.003496 -0.940574 -0.339572
vn -0.007330 -0.933789 -0.357750
vn 0.016746 -0.948177 -0.317302
vn -0.002476 -0.936817 -0.349811
vn 0.008156 -0.943341 -0.331726
vn -0.011858 -0.930773 -0.365406
vn 0.002931 -0.940218 -0.340561
vn -0.002435 -0.936935 -0.349494
vn 0.003901 -0.940842 -0.338825
vn -0.003561 -0.936168 -0.351534
vn 0.000014 -0.938578 -0.345069
vn 0.000014 -0.938578 -0.345069
vn 0.000014 -0.938578 -0.345068
vn -0.000024 -0.938099 -0.346367
vn -0.000024 -0.938099 -0.346367
vn -0.000024 -0.938099 -0.346367
vn 0.000015 -0.938638 -0.344905
vn 0.000015 -0.938638 -0.344905
vn 0.000015 -0.938638 -0.344905
vn -0.000001 -0.938393 -0.345571
vn -0.000001 -0.938393 -0.345571
vn -0.000001 -0.938393 -0.345571
vn -0.000024 -0.938001 -0.346633
vn -0.000024 -0.938001 -0.346633
vn -0.000024 -0.938001 -0.346633
vn -0.000006 -0.938343 -0.345706
vn -0.000006 -0.938343 -0.345706
vn -0.000006 -0.938343 -0.345706
vn 0.000009 -0.938657 -0.344853
vn 0.000009 -0.938657 -0.344853
vn 0.000009 -0.938657 -0.344853
vn -0.000007 -0.938294 -0.345838
vn -0.000007 -0.938294 -0.345838
vn -0.000007 -0.938294 -0.345838
vn -0.000002 -0.938430 -0.345470
vn -0.000002 -0.938430 -0.345470
vn -0.000002 -0.938430 -0.345470
vn -0.000000 -0.938523 -0.345216
vn -0.000000 -0.938523 -0.345216
vn -0.000000 -0.938523 -0.345216
vn -0.001010 -0.937512 -0.347953
vn -0.001010 -0.937512 -0.347953
vn -0.001010 -0.937512 -0.347953
vn -0.002871 -0.935507 -0.353298
vn -0.002871 -0.935507 -0.353298
vn -0.002871 -0.935507 -0.353298
vn 0.000000 -0.938432 -0.345463
vn 0.000000 -0.938432 -0.345463
vn 0.000000 -0.938432 -0.345463
vn -0.000000 -0.938432 -0.345464
vn -0.000000 -0.938432 -0.345464
vn -0.000000 -0.938432 -0.345464
vn -0.000000 0.906552 -0.422094
vn -0.000000 0.906552 -0.422094
vn -0.000000 0.906552 -0.422094
vn -0.000000 0.906554 -0.422091
vn -0.000000 0.906554 -0.422091
vn -0.000000 0.906554 -0.422091
vn 0.000000 0.906551 -0.422096
vn 0.000000 0.906551 -0.422096
vn 0.000000 0.906551 -0.422096
vn 0.000000 0.939500 0.342550
vn 0.000000 0.939500 0.342550
vn 0.000000 0.939500 0.342550
vn 0.000000 0.939499 0.342551
vn 0.000000 0.939499 0.342552
vn 0.000000 0.939499 0.342552
vn -0.000000 0.342265 -0.939603
vn -0.000000 0.342265 -0.939603
vn -0.000000 0.342265 -0.939603
vn -0.000000 0.342282 -0.939597
vn -0.000000 0.342282 -0.939597
vn -0.000000 0.342282 -0.939597
vn -0.000000 -0.687134 -0.726531
vn -0.000000 -0.687134 -0.726531
vn -0.000000 -0.687134 -0.726531
vn -0.000000 -0.687133 -0.726532
vn -0.000000 -0.687133 -0.726532
vn -0.000000 -0.687133 -0.726532
vn 0.000000 -0.687135 -0.726530
vn 0.000000 -0.687135 -0.726530
vn 0.000000 -0.687135 -0.726530
vn 0.000000 -0.939514 -0.342510
vn 0.000000 -0.939514 -0.342510
vn 0.000000 -0.939514 -0.342510
vn -0.000000 -0.939514 -0.342511
vn -0.000000 -0.939514 -0.342511
vn -0.000000 -0.939514 -0.342511
vn 0.000000 -0.876011 0.482291
vn 0.000000 -0.876011 0.482291
vn 0.000000 -0.876011 0.482291
vn 0.000000 -0.876011 0.482292
vn 0.000000 -0.876011 0.482292
vn 0.000000 -0.876011 0.482292
vn 0.000000 -0.342527 0.939508
vn 0.000000 -0.342527 0.939508
vn 0.000000 -0.342527 0.939508
vn 0.000000 -0.342527 0.939508
vn 0.000000 -0.342527 0.939508
vn 0.000000 -0.342527 0.939508
vn 0.000000 0.331385 0.943496
vn 0.000000 0.331385 0.943496
vn 0.000000 0.331385 0.943496
vn 0.000000 0.331389 0.943494
vn 0.000000 0.331389 0.943494
vn 0.000000 0.331389 0.943494
vn -0.000001 0.966292 -0.257450
vn -0.000001 0.966292 -0.257450
vn -0.000001 0.966292 -0.257450
vn 0.000001 0.966287 -0.257467
vn 0.000001 0.966287 -0.257467
vn 0.000001 0.966287 -0.257466
vn -0.000003 0.966299 -0.257421
vn -0.000003 0.966299 -0.257421
vn -0.000003 0.966299 -0.257421
vn -0.000002 0.966286 -0.257471
vn -0.000002 0.966286 -0.257471
vn -0.000002 0.966286 -0.257471
vn -0.000003 0.966257 -0.257581
vn -0.000003 0.966257 -0.257581
vn -0.000003 0.966257 -0.257581
vn 0.000001 0.966287 -0.257467
vn 0.000001 0.966287 -0.257467
vn 0.000001 0.966287 -0.257467
vn 0.000001 0.966298 -0.257428
vn 0.000001 0.966298 -0.257428
vn 0.000001 0.966298 -0.257428
vn -0.000000 0.966287 -0.257469
vn -0.000000 0.966287 -0.257469
vn -0.000000 0.966287 -0.257469
vn 0.000000 0.966297 -0.257431
vn 0.000000 0.966297 -0.257431
vn 0.000000 0.966297 -0.257431
vn 0.000003 0.966315 -0.257361
vn 0.000003 0.966315 -0.257361
vn 0.000003 0.966315 -0.257361
vn 0.000002 0.966297 -0.257430
vn 0.000002 0.966297 -0.257430
vn 0.000002 0.966297 -0.257430
vn 0.000001 0.966287 -0.257468
vn 0.000001 0.966287 -0.257468
vn 0.000001 0.966287 -0.257468
vn 0.000001 0.966295 -0.257436
vn 0.000001 0.966295 -0.257436
vn 0.000001 0.966295 -0.257436
vn 0.000000 0.966287 -0.257469
vn 0.000000 0.966287 -0.257469
vn 0.000000 0.966287 -0.257469
vn 0.000000 0.966287 -0.257469
vn 0.000000 0.966287 -0.257469
vn 0.000000 0.966287 -0.257469
vn 0.364685 0.250771 -0.896727
vn 0.377069 0.249995 -0.891808
vn 0.381025 0.247754 -0.890752
vn 0.385243 0.244508 -0.889834
vn 0.385339 0.247269 -0.889028
vn 0.387848 0.239460 -0.890075
vn 0.389604 0.227008 -0.892567
vn 0.386471 0.230481 -0.893039
vn 0.387064 0.226855 -0.893711
vn 0.382878 0.233465 -0.893812
vn 0.383947 0.226519 -0.895139
vn 0.379028 0.233873 -0.895344
vn 0.379904 0.226941 -0.896756
vn 0.375172 0.234311 -0.896852
vn 0.375842 0.227354 -0.898361
vn 0.371266 0.234710 -0.898372
vn 0.371742 0.227735 -0.899969
vn 0.367351 0.235101 -0.899878
vn 0.367624 0.228152 -0.901554
vn 0.363437 0.235506 -0.901361
vn 0.363481 0.228535 -0.903135
vn 0.358791 0.236756 -0.902893
vn 0.358582 0.229876 -0.904752
vn 0.351514 0.236605 -0.905790
vn 0.350996 0.229715 -0.907762
vn 0.343643 0.235869 -0.908997
vn 0.343104 0.230089 -0.910680
vn 0.337926 0.234710 -0.911437
vn 0.335738 0.228550 -0.913808
vn 0.333061 0.227536 -0.915040
vn 0.332507 0.222501 -0.916478
vn 0.331005 0.223033 -0.916893
vn 0.329305 0.219642 -0.918322
vn 0.347152 0.251800 -0.903373
vn 0.353019 0.251610 -0.901150
vn 0.362661 0.247200 -0.898537
vn 0.364519 0.246797 -0.897896
vn 0.363336 0.241744 -0.899749
vn 0.367091 0.241380 -0.898321
vn 0.342906 0.248227 -0.905980
vn 0.340206 0.246644 -0.907429
vn 0.343482 0.242339 -0.907354
vn 0.338485 0.240377 -0.909751
vn 0.331631 0.217856 -0.917911
vn 0.327120 0.215490 -0.920085
vn 0.331669 0.211928 -0.919283
vn 0.327870 0.209303 -0.921246
vn 0.329758 0.204059 -0.921748
vn 0.324648 0.203596 -0.923663
vn 0.327123 0.193221 -0.925017
vn 0.320997 0.193278 -0.927149
vn 0.324506 0.180609 -0.928481
vn 0.318206 0.182048 -0.930378
vn 0.321438 0.166120 -0.932246
vn 0.314027 0.167936 -0.934443
vn 0.317758 0.149282 -0.936346
vn 0.309690 0.151194 -0.938740
vn 0.313396 0.129478 -0.940754
vn 0.304511 0.131526 -0.943384
vn 0.307967 0.105776 -0.945499
vn 0.298158 0.108020 -0.948385
vn 0.301192 0.077153 -0.950437
vn 0.290238 0.079529 -0.953644
vn 0.295106 0.045051 -0.954402
vn 0.290294 0.045656 -0.955848
vn 0.300214 0.008250 -0.953836
vn 0.259609 0.029390 -0.965267
vn 0.242336 0.009902 -0.970142
vn 0.246649 0.047075 -0.967961
vn 0.228831 0.036309 -0.972789
vn 0.248019 0.074762 -0.965866
vn 0.235862 0.063705 -0.969696
vn 0.236697 0.082345 -0.968088
vn 0.249929 0.091503 -0.963931
vn 0.264416 0.097205 -0.959498
vn 0.264329 0.079531 -0.961148
vn 0.274246 0.104724 -0.955940
vn 0.279752 0.081837 -0.956578
vn 0.288713 0.110090 -0.951065
vn 0.322323 0.202265 -0.924769
vn 0.318694 0.195564 -0.927464
vn 0.318087 0.190068 -0.928814
vn 0.312880 0.183236 -0.931950
vn 0.313478 0.179782 -0.932422
vn 0.309786 0.177123 -0.934163
vn 0.307719 0.166524 -0.936792
vn 0.304435 0.169497 -0.937331
vn 0.303902 0.162083 -0.938815
vn 0.302209 0.150024 -0.941362
vn 0.295126 0.152871 -0.943150
vn 0.296089 0.145314 -0.944042
vn 0.297329 0.132896 -0.945481
vn 0.285056 0.133802 -0.949126
vn 0.285461 0.127596 -0.949859
vn 0.280352 0.128551 -0.951250
vn 0.272294 0.114917 -0.955327
vn 0.263881 0.109518 -0.958318
vn 0.212737 0.045262 -0.976061
vn 0.203647 0.016452 -0.978906
vn 0.176513 0.000013 -0.984298
vn 0.363756 0.006945 -0.931468
vn 0.325282 0.027832 -0.945207
vn 0.304366 0.046720 -0.951409
vn 0.400535 0.006107 -0.916261
vn 0.395322 0.018353 -0.918359
vn 0.373561 0.044333 -0.926546
vn 0.368975 0.044448 -0.928376
vn 0.377187 0.077035 -0.922928
vn 0.368885 0.077312 -0.926254
vn 0.369298 0.105169 -0.923341
vn 0.361684 0.105541 -0.926307
vn 0.362449 0.128728 -0.923071
vn 0.353758 0.131148 -0.926097
vn 0.354975 0.150447 -0.922691
vn 0.343458 0.149444 -0.927202
vn 0.345211 0.166077 -0.923714
vn 0.332907 0.166859 -0.928079
vn 0.335189 0.181176 -0.924567
vn 0.411657 0.076709 -0.908105
vn 0.418132 0.043998 -0.907320
vn 0.410893 0.043696 -0.910636
vn 0.393523 0.076481 -0.916128
vn 0.385397 0.076738 -0.919554
vn 0.384330 0.104522 -0.917260
vn 0.376848 0.104815 -0.920326
vn 0.376354 0.128004 -0.917591
vn 0.369436 0.128397 -0.920343
vn 0.369364 0.147837 -0.917450
vn 0.362951 0.148232 -0.919942
vn 0.363267 0.164815 -0.916991
vn 0.355956 0.166930 -0.919473
vn 0.356689 0.181079 -0.916506
vn 0.346661 0.180420 -0.920475
vn 0.347831 0.192877 -0.917503
vn 0.337140 0.193649 -0.921323
vn 0.338760 0.204553 -0.918368
vn 0.404805 0.131372 -0.904917
vn 0.409150 0.104065 -0.906514
vn 0.407547 0.077185 -0.909916
vn 0.401548 0.076191 -0.912663
vn 0.395884 0.190339 -0.898358
vn 0.402015 0.162381 -0.901119
vn 0.400461 0.137647 -0.905916
vn 0.401723 0.127535 -0.906837
vn 0.394546 0.146150 -0.907179
vn 0.396689 0.126782 -0.909156
vn 0.388333 0.146608 -0.909782
vn 0.389964 0.127175 -0.912006
vn 0.382058 0.146969 -0.912377
vn 0.383187 0.127559 -0.914820
vn 0.375732 0.147391 -0.914933
vn 0.394193 0.209391 -0.894856
vn 0.392162 0.195599 -0.898860
vn 0.393024 0.189982 -0.899688
vn 0.387708 0.200442 -0.899725
vn 0.389162 0.189478 -0.901472
vn 0.382920 0.200785 -0.901697
vn 0.384118 0.189876 -0.903549
vn 0.378117 0.201220 -0.903625
vn 0.379059 0.190397 -0.905574
vn 0.373317 0.201728 -0.905505
vn 0.373917 0.190792 -0.907626
vn 0.368464 0.202127 -0.907402
vn 0.368751 0.191194 -0.909653
vn 0.363591 0.202550 -0.909272
vn 0.363557 0.191609 -0.911654
vn 0.357713 0.204229 -0.911226
vn 0.357246 0.193409 -0.913766
vn 0.348805 0.203773 -0.914774
vn 0.387351 0.222898 -0.894581
vn 0.384306 0.219332 -0.896773
vn 0.380076 0.219782 -0.898465
vn 0.375795 0.220173 -0.900168
vn 0.371522 0.220571 -0.901842
vn 0.367217 0.221007 -0.903497
vn 0.362862 0.221349 -0.905171
vn 0.357699 0.223000 -0.906820
vn 0.349521 0.222993 -0.910005
vn 0.340635 0.223708 -0.913193
vn 0.388375 0.220867 -0.894641
vn 0.385693 0.214498 -0.897347
vn 0.381304 0.214939 -0.899115
vn 0.376908 0.215349 -0.900869
vn 0.372495 0.215778 -0.902600
vn 0.368015 0.216168 -0.904343
vn 0.363538 0.216583 -0.906053
vn 0.358593 0.217679 -0.907760
vn 0.349952 0.217790 -0.911099
vn 0.340787 0.218574 -0.914379
vn 0.393906 0.183930 -0.900560
vn 0.390803 0.177003 -0.903296
vn 0.385429 0.177467 -0.905511
vn 0.379981 0.177861 -0.907733
vn 0.374505 0.178304 -0.909920
vn 0.369009 0.178761 -0.912073
vn 0.363453 0.179114 -0.914232
vn 0.392599 0.162738 -0.905197
vn 0.386818 0.163139 -0.907611
vn 0.381006 0.163559 -0.909991
vn 0.375142 0.164016 -0.912342
vn 0.369217 0.164436 -0.914680
vn 0.399034 0.103817 -0.911040
vn 0.391720 0.104176 -0.914168
vn 0.352000 0.242869 -0.903942
vn 0.358983 0.242998 -0.901157
vn 0.366328 0.246627 -0.897206
vn 0.368107 0.246390 -0.896543
vn 0.370002 0.246252 -0.895800
vn 0.374518 0.240599 -0.895460
vn 0.378235 0.240211 -0.894000
vn 0.370826 0.241037 -0.896877
vn 0.381937 0.239830 -0.892528
vn 0.387187 0.209435 -0.897899
vn 0.382685 0.209927 -0.899713
vn 0.378102 0.210303 -0.901561
vn 0.373494 0.210743 -0.903377
vn 0.368901 0.211155 -0.905166
vn 0.364266 0.211553 -0.906949
vn 0.359069 0.212659 -0.908761
vn 0.350586 0.212364 -0.912135
vn 0.341020 0.213175 -0.915566
vn 0.330132 0.150186 -0.931911
vn 0.326811 0.130579 -0.936025
vn 0.322661 0.107219 -0.940422
vn 0.317403 0.079000 -0.944994
vn 0.341305 0.129895 -0.930934
vn 0.352107 0.108173 -0.929688
vn 0.360494 0.077593 -0.929529
vn 0.364394 0.044533 -0.930180
vn 0.338542 0.106626 -0.934890
vn 0.334974 0.078513 -0.938950
vn 0.349871 0.080424 -0.933339
vn 0.359779 0.044679 -0.931967
vn 0.353779 0.046977 -0.934149
vn 0.000000 0.271176 -0.962530
vn 0.000094 0.271199 -0.962523
vn -0.000015 0.271178 -0.962529
vn -0.000088 0.271180 -0.962529
vn -0.000017 0.271176 -0.962530
vn 0.000056 0.271167 -0.962532
vn 0.000000 0.271176 -0.962530
vn -1.000000 -0.000072 -0.000040
vn -1.000000 -0.000072 -0.000040
vn -1.000000 -0.000072 -0.000040
vn -1.000000 0.000000 0.000000
vn -1.000000 0.000000 0.000000
vn -1.000000 0.000000 0.000000
vn -1.000000 0.000000 0.000000
vn -1.000000 0.000000 0.000000
vn -1.000000 0.000000 0.000000
vn -1.000000 0.000000 0.000000
vn -1.000000 0.000000 0.000000
vn -1.000000 0.000000 0.000000
vn -1.000000 -0.000000 0.000000
vn -1.000000 -0.000000 0.000000
vn -1.000000 -0.000000 0.000000
vn -1.000000 0.000000 0.000000
vn -1.000000 0.000000 0.000000
vn -1.000000 0.000000 0.000000
vn -1.000000 0.000000 0.000000
vn -1.000000 0.000000 0.000000
vn -1.000000 0.000000 0.000000
vn -1.000000 0.000000 0.000000
vn -1.000000 0.000000 0.000000
vn -1.000000 0.000000 0.000000
vn -1.000000 0.000000 0.000000
vn -1.000000 0.000000 0.000000
vn -1.000000 0.000000 0.000000
vn -1.000000 0.000002 0.000000
vn -1.000000 0.000002 0.000000
vn -1.000000 0.000002 0.000000
vn -1.000000 0.000000 0.000000
vn -1.000000 0.000000 0.000000
vn -1.000000 0.000000 0.000000
vn -1.000000 -0.000004 0.000000
vn -1.000000 -0.000004 0.000000
vn -1.000000 -0.000004 0.000000
vn -1.000000 0.000000 0.000000
vn -1.000000 0.000000 0.000000
vn -1.000000 0.000000 0.000000
vn -1.000000 -0.000000 0.000000
vn -1.000000 -0.000000 0.000000
vn -1.000000 -0.000000 0.000000
vn -1.000000 0.000000 0.000000
vn -1.000000 0.000000 0.000000
vn -1.000000 0.000000 0.000000
vn -1.000000 0.000000 0.000000
vn -1.000000 0.000000 0.000000
vn -1.000000 0.000000 0.000000
vn -1.000000 0.000005 0.000001
vn -1.000000 0.000005 0.000001
vn -1.000000 0.000005 0.000001
vn -1.000000 0.000000 0.000000
vn -1.000000 0.000000 0.000000
vn -1.000000 0.000000 0.000000
vn -1.000000 0.000000 0.000000
vn -1.000000 0.000000 0.000000
vn -1.000000 0.000000 0.000000
vn -1.000000 0.000007 -0.000004
vn -1.000000 0.000007 -0.000004
vn -1.000000 0.000007 -0.000004
vn -1.000000 0.000022 -0.000007
vn -1.000000 0.000022 -0.000007
vn -1.000000 0.000022 -0.000007
vn -1.000000 0.000000 -0.000006
vn -1.000000 0.000000 -0.000006
vn -1.000000 0.000000 -0.000006
vn -1.000000 0.000000 0.000000
vn -1.000000 0.000000 0.000000
vn -1.000000 0.000000 0.000000
vn -1.000000 -0.000002 0.000000
vn -1.000000 -0.000002 0.000000
vn -1.000000 -0.000002 0.000000
vn -1.000000 0.000002 0.000000
vn -1.000000 0.000002 0.000000
vn -1.000000 0.000002 0.000000
vn -1.000000 0.000034 0.000000
vn -1.000000 0.000034 0.000000
vn -1.000000 0.000034 0.000000
vn -1.000000 -0.000060 0.000000
vn -1.000000 -0.000060 0.000000
vn -1.000000 -0.000060 0.000000
vn -1.000000 0.000031 0.000000
vn -1.000000 0.000031 0.000000
vn -1.000000 0.000031 0.000000
vn -1.000000 0.000005 0.000000
vn -1.000000 0.000005 0.000000
vn -1.000000 0.000005 0.000000
vn -1.000000 -0.000009 0.000000
vn -1.000000 -0.000009 0.000000
vn -1.000000 -0.000009 0.000000
vn -1.000000 -0.000003 0.000000
vn -1.000000 -0.000003 0.000000
vn -1.000000 -0.000003 0.000000
vn -1.000000 0.000010 0.000000
vn -1.000000 0.000010 0.000000
vn -1.000000 0.000010 0.000000
vn -1.000000 0.000000 0.000000
vn -1.000000 0.000000 0.000000
vn -1.000000 0.000000 0.000000
vn -1.000000 0.000002 0.000000
vn -1.000000 0.000002 0.000000
vn -1.000000 0.000002 0.000000
vn -1.000000 0.000000 0.000000
vn -1.000000 0.000000 0.000000
vn -1.000000 0.000000 0.000000
vn -1.000000 0.000001 0.000000
vn -1.000000 0.000001 0.000000
vn -1.000000 0.000001 0.000000
vn -1.000000 -0.000001 0.000000
vn -1.000000 -0.000001 0.000000
vn -1.000000 -0.000001 0.000000
vn -1.000000 -0.000004 0.000002
vn -1.000000 -0.000004 0.000002
vn -1.000000 -0.000004 0.000002
vn -1.000000 0.000010 0.000007
vn -1.000000 0.000010 0.000007
vn -1.000000 0.000010 0.000007
vn -1.000000 0.000016 -0.000008
vn -1.000000 0.000016 -0.000008
vn -1.000000 0.000016 -0.000008
vn -1.000000 -0.000024 0.000011
vn -1.000000 -0.000024 0.000011
vn -1.000000 -0.000024 0.000011
vn -1.000000 0.000018 0.000007
vn -1.000000 0.000018 0.000007
vn -1.000000 0.000018 0.000007
vn -1.000000 0.000029 -0.000003
vn -1.000000 0.000029 -0.000003
vn -1.000000 0.000029 -0.000003
vn -1.000000 0.000012 -0.000018
vn -1.000000 0.000012 -0.000018
vn -1.000000 0.000012 -0.000018
vn -1.000000 0.000076 0.000026
vn -1.000000 0.000076 0.000026
vn -1.000000 0.000076 0.000026
vn -1.000000 0.000000 0.000000
vn -1.000000 0.000000 0.000000
vn -1.000000 0.000000 0.000000
vn -1.000000 0.000002 0.000000
vn -1.000000 0.000002 0.000000
vn -1.000000 0.000002 0.000000
vn -1.000000 0.000000 -0.000002
vn -1.000000 0.000000 -0.000002
vn -1.000000 0.000000 -0.000002
vn -1.000000 0.000000 -0.000002
vn -1.000000 0.000000 -0.000002
vn -1.000000 0.000000 -0.000002
vn -1.000000 0.000000 -0.000002
vn -1.000000 0.000000 -0.000002
vn -1.000000 0.000000 -0.000002
vn -1.000000 0.000000 -0.000002
vn -1.000000 0.000000 -0.000002
vn -1.000000 0.000000 -0.000002
vn -1.000000 0.000057 -0.000002
vn -1.000000 0.000057 -0.000002
vn -1.000000 0.000057 -0.000002
vn -1.000000 0.000000 -0.000005
vn -1.000000 0.000000 -0.000005
vn -1.000000 0.000000 -0.000005
vn -1.000000 0.000022 -0.000004
vn -1.000000 0.000022 -0.000004
vn -1.000000 0.000022 -0.000004
vn -1.000000 0.000000 0.000031
vn -1.000000 0.000000 0.000031
vn -1.000000 0.000000 0.000031
vn -1.000000 0.000000 -0.000002
vn -1.000000 0.000000 -0.000002
vn -1.000000 0.000000 -0.000002
vn -1.000000 0.000000 -0.000001
vn -1.000000 0.000000 -0.000001
vn -1.000000 0.000000 -0.000001
vn -1.000000 0.000067 0.000000
vn -1.000000 0.000067 0.000000
vn -1.000000 0.000067 0.000000
vn -1.000000 0.000000 0.000002
vn -1.000000 0.000000 0.000002
vn -1.000000 0.000000 0.000002
vn -1.000000 0.000000 0.000000
vn -1.000000 0.000000 0.000000
vn -1.000000 0.000000 0.000000
vn -1.000000 0.000000 0.000000
vn -1.000000 0.000000 0.000000
vn -1.000000 0.000000 0.000000
vn -1.000000 0.000000 0.000000
vn -1.000000 0.000000 0.000000
vn -1.000000 0.000000 0.000000
vn -1.000000 0.000000 0.000000
vn -1.000000 0.000000 0.000000
vn -1.000000 0.000000 0.000000
vn -1.000000 0.000000 0.000000
vn -1.000000 0.000000 0.000000
vn -1.000000 0.000000 0.000000
vn -1.000000 0.000044 0.000000
vn -1.000000 0.000044 0.000000
vn -1.000000 0.000044 0.000000
vn -1.000000 0.000000 0.000000
vn -1.000000 0.000000 0.000000
vn -1.000000 0.000000 0.000000
vn -1.000000 0.000000 0.000000
vn -1.000000 0.000000 0.000000
vn -1.000000 0.000000 0.000000
vn -1.000000 0.000000 0.000000
vn -1.000000 0.000000 0.000000
vn -1.000000 0.000000 0.000000
vn -1.000000 -0.000048 0.000000
vn -1.000000 -0.000048 0.000000
vn -1.000000 -0.000048 0.000000
vn -1.000000 0.000000 0.000000
vn -1.000000 0.000000 0.000000
vn -1.000000 0.000000 0.000000
vn -1.000000 -0.000120 -0.000011
vn -1.000000 -0.000120 -0.000011
vn -1.000000 -0.000120 -0.000011
vn -1.000000 0.000000 -0.000002
vn -1.000000 0.000000 -0.000002
vn -1.000000 0.000000 -0.000002
vn -1.000000 0.000000 -0.000002
vn -1.000000 0.000000 -0.000002
vn -1.000000 0.000000 -0.000002
vn -1.000000 -0.000057 -0.000002
vn -1.000000 -0.000057 -0.000002
vn -1.000000 -0.000057 -0.000002
vn -1.000000 0.000051 -0.000002
vn -1.000000 0.000051 -0.000002
vn -1.000000 0.000051 -0.000002
vn -1.000000 -0.000047 -0.000002
vn -1.000000 -0.000047 -0.000002
vn -1.000000 -0.000047 -0.000002
vn -1.000000 0.000000 -0.000002
vn -1.000000 0.000000 -0.000002
vn -1.000000 0.000000 -0.000002
vn -1.000000 0.000000 -0.000002
vn -1.000000 0.000000 -0.000002
vn -1.000000 0.000000 -0.000002
vn 0.000000 -0.939506 -0.342533
vn 0.000000 -0.939506 -0.342533
vn 0.000000 -0.939506 -0.342533
vn 0.000000 -0.939506 -0.342533
vn 0.000000 -0.939506 -0.342533
vn 0.000000 -0.939506 -0.342533
vn -0.000000 0.342523 -0.939509
vn -0.000000 0.342523 -0.939509
vn -0.000000 0.342523 -0.939509
vn 0.000000 0.342524 -0.939509
vn 0.000000 0.342524 -0.939509
vn 0.000000 0.342524 -0.939509
vn 0.000000 0.939509 0.342525
vn 0.000000 0.939509 0.342525
vn 0.000000 0.939509 0.342525
vn 0.000000 0.939508 0.342526
vn 0.000000 0.939508 0.342526
vn 0.000000 0.939508 0.342526
vn 0.000000 -0.939507 -0.342529
vn 0.000000 -0.939507 -0.342529
vn 0.000000 -0.939507 -0.342529
vn 0.000000 -0.939507 -0.342531
vn 0.000000 -0.939507 -0.342531
vn 0.000000 -0.939507 -0.342531
vn -1.000000 0.000026 0.000014
vn -1.000000 0.000026 0.000014
vn -1.000000 0.000026 0.000014
vn -1.000000 -0.000005 0.000013
vn -1.000000 -0.000005 0.000013
vn -1.000000 -0.000005 0.000013
vn -1.000000 0.000000 0.000000
vn -1.000000 0.000000 0.000000
vn -1.000000 0.000000 0.000000
vn -1.000000 0.000001 0.000000
vn -1.000000 0.000001 0.000000
vn -1.000000 0.000001 0.000000
vn -1.000000 0.000004 -0.000001
vn -1.000000 0.000004 -0.000001
vn -1.000000 0.000004 -0.000001
vn -1.000000 0.000005 -0.000014
vn -1.000000 0.000005 -0.000014
vn -1.000000 0.000005 -0.000014
vn -1.000000 0.000044 0.000018
vn -1.000000 0.000044 0.000018
vn -1.000000 0.000044 0.000018
vn -1.000000 -0.000015 -0.000000
vn -1.000000 -0.000015 -0.000000
vn -1.000000 -0.000015 -0.000000
vn -1.000000 0.000000 0.000000
vn -1.000000 0.000000 0.000000
vn -1.000000 0.000000 0.000000
vn -1.000000 0.000014 0.000004
vn -1.000000 0.000014 0.000004
vn -1.000000 0.000014 0.000004
vn -1.000000 0.000004 0.000001
vn -1.000000 0.000004 0.000001
vn -1.000000 0.000004 0.000001
vn -1.000000 -0.000018 -0.000003
vn -1.000000 -0.000018 -0.000003
vn -1.000000 -0.000018 -0.000003
vn -1.000000 0.000006 0.000001
vn -1.000000 0.000006 0.000001
vn -1.000000 0.000006 0.000001
vn -1.000000 0.000003 0.000005
vn -1.000000 0.000003 0.000005
vn -1.000000 0.000003 0.000005
vn -1.000000 0.000000 0.000000
vn -1.000000 0.000000 0.000000
vn -1.000000 0.000000 0.000000
vn -1.000000 0.000001 0.000000
vn -1.000000 0.000001 0.000000
vn -1.000000 0.000001 0.000000
vn -1.000000 -0.000032 -0.000004
vn -1.000000 -0.000032 -0.000004
vn -1.000000 -0.000032 -0.000004
vn -1.000000 -0.000079 -0.000026
vn -1.000000 -0.000079 -0.000026
vn -1.000000 -0.000079 -0.000026
vn 0.000000 0.939482 0.342599
vn 0.000000 0.939482 0.342599
vn 0.000000 0.939482 0.342599
vn 0.000000 0.939481 0.342601
vn 0.000000 0.939481 0.342601
vn 0.000000 0.939481 0.342601
vn 0.000000 -0.342527 0.939508
vn 0.000000 -0.342527 0.939508
vn 0.000000 -0.342527 0.939508
vn 0.000000 -0.342528 0.939508
vn 0.000000 -0.342528 0.939508
vn 0.000000 -0.342528 0.939508
vn 0.000000 0.342527 -0.939508
vn 0.000000 0.342527 -0.939508
vn 0.000000 0.342527 -0.939508
vn 0.000003 0.342530 -0.939507
vn 0.000003 0.342530 -0.939507
vn 0.000003 0.342530 -0.939507
vn -0.000001 0.939513 0.342513
vn -0.000001 0.939513 0.342513
vn -0.000001 0.939513 0.342513
vn 0.000000 0.939513 0.342513
vn 0.000000 0.939513 0.342513
vn 0.000000 0.939513 0.342513
vn 0.000000 0.342613 -0.939476
vn 0.000000 0.342614 -0.939476
vn 0.000000 0.342614 -0.939476
vn 0.000006 0.342647 -0.939464
vn 0.000006 0.342647 -0.939464
vn 0.000006 0.342647 -0.939464
vn -0.000002 0.939510 0.342520
vn -0.000002 0.939510 0.342520
vn -0.000002 0.939511 0.342520
vn 0.000000 0.939510 0.342521
vn 0.000000 0.939510 0.342521
vn 0.000000 0.939510 0.342521
vn 0.000000 -0.342588 0.939486
vn 0.000000 -0.342588 0.939486
vn 0.000000 -0.342588 0.939486
vn 0.000000 -0.342587 0.939486
vn 0.000000 -0.342587 0.939486
vn 0.000000 -0.342587 0.939486
vn -0.000000 -0.939504 -0.342538
vn -0.000000 -0.939504 -0.342538
vn -0.000000 -0.939504 -0.342538
vn -0.000000 -0.939504 -0.342538
vn -0.000000 -0.939504 -0.342538
vn -0.000000 -0.939504 -0.342538
vn 0.000002 -0.342527 0.939508
vn 0.000002 -0.342527 0.939508
vn 0.000002 -0.342527 0.939508
vn 0.000001 -0.342527 0.939508
vn 0.000001 -0.342527 0.939508
vn 0.000001 -0.342527 0.939508
vn 0.000000 0.939508 0.342526
vn 0.000000 0.939508 0.342526
vn 0.000000 0.939508 0.342526
vn 0.000000 0.939508 0.342527
vn 0.000000 0.939508 0.342527
vn 0.000000 0.939508 0.342527
vn -1.000000 0.000000 0.000000
vn -1.000000 0.000000 0.000000
vn -1.000000 0.000000 0.000000
vn -1.000000 0.000000 0.000000
vn -1.000000 0.000000 0.000000
vn -1.000000 0.000000 0.000000
vn -1.000000 -0.000001 0.000000
vn -1.000000 -0.000001 0.000000
vn -1.000000 -0.000001 0.000000
vn -1.000000 0.000000 0.000000
vn -1.000000 0.000000 0.000000
vn -1.000000 0.000000 0.000000
vn -0.000006 0.939495 0.342563
vn -0.000006 0.939495 0.342563
vn -0.000006 0.939495 0.342563
vn 0.000000 0.939492 0.342570
vn 0.000000 0.939492 0.342570
vn 0.000000 0.939492 0.342570
vn 0.000020 0.939505 0.342534
vn 0.000020 0.939505 0.342534
vn 0.000020 0.939505 0.342534
vn -0.000026 0.939511 0.342520
vn -0.000026 0.939511 0.342520
vn -0.000026 0.939511 0.342520
vn 0.000000 0.939495 0.342562
vn 0.000000 0.939495 0.342562
vn 0.000000 0.939495 0.342562
vn -0.000001 0.939495 0.342563
vn -0.000001 0.939495 0.342563
vn -0.000001 0.939495 0.342563
vn 0.624697 0.733620 0.267496
vn 0.624697 0.733620 0.267496
vn 0.624697 0.733620 0.267496
vn 0.624698 0.733624 0.267486
vn 0.624698 0.733624 0.267486
vn 0.624698 0.733624 0.267486
vn 0.000000 0.342537 -0.939505
vn 0.000000 0.342537 -0.939505
vn 0.000000 0.342537 -0.939504
vn 0.000001 0.342536 -0.939505
vn 0.000001 0.342536 -0.939505
vn 0.000001 0.342536 -0.939505
vn 0.000000 -0.342522 0.939510
vn 0.000000 -0.342522 0.939510
vn 0.000000 -0.342522 0.939510
vn 0.000000 -0.342521 0.939510
vn 0.000000 -0.342521 0.939510
vn 0.000000 -0.342522 0.939510
vn 0.000000 0.139221 0.990261
vn 0.000000 0.139221 0.990261
vn 0.000000 -0.000000 1.000000
vn 0.000000 0.000000 1.000000
vn 0.000000 -0.139222 0.990261
vn 0.000000 -0.139221 0.990261
vn 0.000000 -0.275759 0.961227
vn 0.000000 -0.275758 0.961227
vn 0.000000 -0.406563 0.913623
vn 0.000000 -0.406561 0.913624
vn 0.000000 -0.529672 0.848203
vn 0.000000 -0.529669 0.848204
vn 0.000000 -0.642842 0.765999
vn 0.000000 -0.642839 0.766001
vn 0.000000 -0.743322 0.668933
vn 0.000000 -0.743321 0.668936
vn 0.000000 -0.829059 0.559161
vn 0.000000 -0.829058 0.559162
vn 0.000000 -0.898693 0.438578
vn -0.000000 -0.898698 0.438567
vn -0.000001 -0.951011 0.309157
vn -0.000001 -0.951014 0.309148
vn -0.000001 -0.984883 0.173222
vn -0.000000 -0.984883 0.173224
vn -0.000000 -0.999384 0.035086
vn -0.000000 -0.999384 0.035085
vn 0.000000 -0.994522 -0.104532
vn 0.000000 -0.994521 -0.104534
vn 0.000001 -0.970294 -0.241929
vn 0.000001 -0.970293 -0.241934
vn 0.000001 -0.927309 -0.374297
vn 0.000002 -0.927312 -0.374288
vn 0.000003 -0.865714 -0.500538
vn 0.000002 -0.865714 -0.500538
vn 0.000003 -0.788169 -0.615459
vn 0.000002 -0.788161 -0.615470
vn 0.000002 -0.694757 -0.719245
vn 0.000003 -0.694759 -0.719243
vn 0.000002 -0.587634 -0.809127
vn 0.000004 -0.587651 -0.809115
vn 0.000003 -0.469440 -0.882964
vn 0.000003 -0.469442 -0.882963
vn 0.000003 -0.341997 -0.939701
vn 0.000002 -0.341978 -0.939708
vn 0.000003 -0.207960 -0.978137
vn 0.000003 -0.207980 -0.978133
vn 0.000005 -0.069771 -0.997563
vn 0.000005 -0.069793 -0.997562
vn 0.000006 0.069770 -0.997563
vn 0.000004 0.069792 -0.997562
vn 0.000004 0.207960 -0.978137
vn 0.000002 0.207982 -0.978133
vn 0.000002 0.342232 -0.939615
vn 0.000004 0.342214 -0.939622
vn 0.000003 0.469439 -0.882965
vn 0.000004 0.469440 -0.882964
vn 0.000003 0.587635 -0.809126
vn 0.000002 0.587651 -0.809115
vn 0.000002 0.694758 -0.719244
vn 0.000002 0.694758 -0.719244
vn 0.000002 0.788170 -0.615458
vn 0.000003 0.788161 -0.615470
vn 0.000002 0.866031 -0.499991
vn 0.000003 0.866030 -0.499992
vn 0.000001 0.927056 -0.374924
vn 0.000002 0.927059 -0.374916
vn 0.000000 0.970294 -0.241927
vn 0.000001 0.970293 -0.241934
vn 0.000000 0.994522 -0.104532
vn 0.000001 0.994521 -0.104534
vn -0.000000 0.999384 0.035087
vn -0.000000 0.999384 0.035085
vn -0.000001 0.984758 0.173931
vn -0.000000 0.984758 0.173931
vn -0.000001 0.951226 0.308494
vn -0.000000 0.951228 0.308488
vn -0.000000 0.898982 0.437986
vn 0.000000 0.898986 0.437978
vn 0.000000 0.828720 0.559663
vn 0.000000 0.828719 0.559665
vn 0.000000 0.742959 0.669337
vn 0.000000 0.742957 0.669339
vn 0.000000 0.642841 0.765999
vn 0.000000 0.642840 0.766001
vn 0.000000 0.529999 0.847998
vn 0.000000 0.529999 0.847998
vn 0.000000 0.406834 0.913502
vn 0.000000 0.406834 0.913502
vn 0.000000 0.275759 0.961227
vn 0.000000 0.275758 0.961227
vn -0.000019 -0.342517 0.939512
vn -0.000019 -0.342517 0.939512
vn -0.000019 -0.342517 0.939512
vn 0.000000 -0.342523 0.939509
vn 0.000000 -0.342523 0.939509
vn 0.000000 -0.342523 0.939509
vn 1.000000 -0.000007 -0.000001
vn 1.000000 -0.000007 -0.000001
vn 1.000000 -0.000007 -0.000001
vn 1.000000 -0.000062 -0.000002
vn 1.000000 -0.000062 -0.000002
vn 1.000000 -0.000062 -0.000002
vn 1.000000 0.000000 -0.000001
vn 1.000000 0.000000 -0.000001
vn 1.000000 0.000000 -0.000001
vn 1.000000 0.000001 -0.000001
vn 1.000000 0.000001 -0.000001
vn 1.000000 0.000001 -0.000001
vn 1.000000 0.000000 -0.000002
vn 1.000000 0.000000 -0.000002
vn 1.000000 0.000000 -0.000002
vn 1.000000 0.000000 -0.000002
vn 1.000000 0.000000 -0.000002
vn 1.000000 0.000000 -0.000002
vn 1.000000 0.000000 0.000001
vn 1.000000 0.000000 0.000001
vn 1.000000 0.000000 0.000001
vn 1.000000 0.000000 0.000000
vn 1.000000 0.000000 0.000000
vn 1.000000 0.000000 0.000000
vn 1.000000 0.000000 0.000000
vn 1.000000 0.000000 0.000000
vn 1.000000 0.000000 0.000000
vn 1.000000 -0.000003 0.000002
vn 1.000000 -0.000003 0.000002
vn 1.000000 -0.000003 0.000002
vn 1.000000 0.000000 0.000002
vn 1.000000 0.000000 0.000002
vn 1.000000 0.000000 0.000002
vn 1.000000 0.000000 0.000002
vn 1.000000 0.000000 0.000002
vn 1.000000 0.000000 0.000002
vn 1.000000 0.000035 0.000001
vn 1.000000 0.000035 0.000001
vn 1.000000 0.000035 0.000001
vn 1.000000 -0.000033 0.000001
vn 1.000000 -0.000033 0.000001
vn 1.000000 -0.000033 0.000001
vn 1.000000 0.000000 0.000001
vn 1.000000 0.000000 0.000001
vn 1.000000 0.000000 0.000001
vn 1.000000 0.000000 0.000001
vn 1.000000 0.000000 0.000001
vn 1.000000 0.000000 0.000001
vn 1.000000 0.000000 0.000001
vn 1.000000 0.000000 0.000001
vn 1.000000 0.000000 0.000001
vn 1.000000 -0.000034 0.000001
vn 1.000000 -0.000034 0.000001
vn 1.000000 -0.000034 0.000001
vn 1.000000 0.000000 0.000001
vn 1.000000 0.000000 0.000001
vn 1.000000 0.000000 0.000001
vn 1.000000 0.000000 0.000001
vn 1.000000 0.000000 0.000001
vn 1.000000 0.000000 0.000001
vn 1.000000 0.000000 0.000001
vn 1.000000 0.000000 0.000001
vn 1.000000 0.000000 0.000001
vn 1.000000 0.000062 0.000001
vn 1.000000 0.000062 0.000001
vn 1.000000 0.000062 0.000001
vn 1.000000 0.000000 0.000000
vn 1.000000 0.000000 0.000000
vn 1.000000 0.000000 0.000000
vn 1.000000 0.000000 0.000000
vn 1.000000 0.000000 0.000000
vn 1.000000 0.000000 0.000000
vn 1.000000 -0.000016 0.000000
vn 1.000000 -0.000016 0.000000
vn 1.000000 -0.000016 0.000000
vn 1.000000 0.000000 0.000000
vn 1.000000 0.000000 0.000000
vn 1.000000 0.000000 0.000000
vn 1.000000 0.000000 0.000000
vn 1.000000 0.000000 0.000000
vn 1.000000 0.000000 0.000000
vn 1.000000 0.000000 0.000000
vn 1.000000 0.000000 0.000000
vn 1.000000 0.000000 0.000000
vn 1.000000 0.000000 0.000000
vn 1.000000 0.000000 0.000000
vn 1.000000 0.000000 0.000000
vn 1.000000 -0.000018 0.000000
vn 1.000000 -0.000018 0.000000
vn 1.000000 -0.000018 0.000000
vn 1.000000 0.000000 0.000000
vn 1.000000 0.000000 0.000000
vn 1.000000 0.000000 0.000000
vn 1.000000 0.000000 -0.000001
vn 1.000000 0.000000 -0.000001
vn 1.000000 0.000000 -0.000001
vn 1.000000 0.000000 -0.000001
vn 1.000000 0.000000 -0.000001
vn 1.000000 0.000000 -0.000001
vn 1.000000 0.000000 -0.000001
vn 1.000000 0.000000 -0.000001
vn 1.000000 0.000000 -0.000001
vn 1.000000 0.000000 -0.000001
vn 1.000000 0.000000 -0.000001
vn 1.000000 0.000000 -0.000001
vn 1.000000 0.000000 -0.000001
vn 1.000000 0.000000 -0.000001
vn 1.000000 0.000000 -0.000001
vn 1.000000 -0.000035 -0.000001
vn 1.000000 -0.000035 -0.000001
vn 1.000000 -0.000035 -0.000001
vn 1.000000 0.000038 -0.000001
vn 1.000000 0.000038 -0.000001
vn 1.000000 0.000038 -0.000001
vn 1.000000 -0.000044 -0.000001
vn 1.000000 -0.000044 -0.000001
vn 1.000000 -0.000044 -0.000001
vn 1.000000 0.000000 -0.000001
vn 1.000000 0.000000 -0.000001
vn 1.000000 0.000000 -0.000001
vn 1.000000 0.000000 -0.000000
vn 1.000000 0.000000 -0.000000
vn 1.000000 0.000000 -0.000000
vn 1.000000 0.000000 0.000000
vn 1.000000 0.000000 0.000000
vn 1.000000 0.000000 0.000000
vn 1.000000 0.000000 0.000001
vn 1.000000 0.000000 0.000001
vn 1.000000 0.000000 0.000001
vn 1.000000 0.000000 0.000001
vn 1.000000 0.000000 0.000001
vn 1.000000 0.000000 0.000001
vn 1.000000 -0.000016 0.000001
vn 1.000000 -0.000016 0.000001
vn 1.000000 -0.000016 0.000001
vn 1.000000 0.000000 0.000002
vn 1.000000 0.000000 0.000002
vn 1.000000 0.000000 0.000002
vn 1.000000 -0.000016 0.000002
vn 1.000000 -0.000016 0.000002
vn 1.000000 -0.000016 0.000002
vn 1.000000 0.000000 0.000002
vn 1.000000 0.000000 0.000002
vn 1.000000 0.000000 0.000002
vn 1.000000 0.000000 0.000003
vn 1.000000 0.000000 0.000003
vn 1.000000 0.000000 0.000003
vn 0.624697 0.733620 0.267497
vn 0.624697 0.733620 0.267497
vn 0.624697 0.733620 0.267497
vn 0.624697 0.733621 0.267497
vn 0.624697 0.733621 0.267497
vn 0.624697 0.733621 0.267497
vn 0.000007 0.342531 -0.939506
vn 0.000007 0.342531 -0.939506
vn 0.000007 0.342531 -0.939506
vn 0.000000 0.342533 -0.939506
vn 0.000000 0.342533 -0.939506
vn 0.000000 0.342533 -0.939506
vn 0.000001 -0.938234 -0.346003
vn 0.000001 -0.938233 -0.346003
vn 0.000001 -0.938234 -0.346003
vn 0.000172 -0.938458 -0.345393
vn 0.000172 -0.938458 -0.345393
vn 0.000172 -0.938458 -0.345393
vn 0.000000 -0.938426 -0.345481
vn 0.000000 -0.938426 -0.345481
vn 0.000000 -0.938426 -0.345481
vn -0.000000 -0.761266 -0.648440
vn -0.000000 -0.761266 -0.648440
vn -0.000000 -0.761266 -0.648440
vn 0.000007 -0.761308 -0.648391
vn 0.000007 -0.761308 -0.648391
vn 0.000007 -0.761307 -0.648391
vn -0.000006 -0.761281 -0.648422
vn -0.000006 -0.761281 -0.648422
vn -0.000006 -0.761281 -0.648422
vn 0.000012 -0.761295 -0.648406
vn 0.000012 -0.761295 -0.648406
vn 0.000012 -0.761295 -0.648406
vn 0.000002 -0.761317 -0.648380
vn 0.000002 -0.761317 -0.648380
vn 0.000002 -0.761317 -0.648380
vn 0.000000 -0.939513 -0.342512
vn 0.000000 -0.939513 -0.342512
vn 0.000000 -0.939513 -0.342512
vn -0.000000 -0.939514 -0.342510
vn -0.000000 -0.939514 -0.342510
vn -0.000000 -0.939514 -0.342510
vn 0.000000 -0.993501 0.113822
vn 0.000000 -0.993501 0.113822
vn 0.000000 -0.993501 0.113822
vn 0.000000 -0.993501 0.113823
vn 0.000000 -0.993501 0.113823
vn 0.000000 -0.993501 0.113823
vn 0.000000 -0.993501 0.113822
vn 0.000000 -0.993501 0.113822
vn 0.000000 -0.993501 0.113822
vn -0.000000 -0.342604 0.939480
vn -0.000000 -0.342604 0.939480
vn -0.000000 -0.342604 0.939480
vn 0.000000 -0.342630 0.939471
vn 0.000000 -0.342630 0.939470
vn 0.000000 -0.342630 0.939471
vn 0.000000 0.939499 0.342551
vn 0.000000 0.939499 0.342551
vn 0.000000 0.939499 0.342551
vn -0.000000 0.939500 0.342549
vn -0.000000 0.939500 0.342549
vn -0.000000 0.939500 0.342549
vn 0.000000 0.422114 0.906543
vn 0.000000 0.422114 0.906543
vn 0.000000 0.422114 0.906543
vn 0.000000 0.422113 0.906543
vn 0.000000 0.422113 0.906543
vn 0.000000 0.422113 0.906543
vn 0.000000 -0.342537 0.939504
vn 0.000000 -0.342537 0.939504
vn 0.000000 -0.342537 0.939504
vn 0.000000 -0.342530 0.939507
vn 0.000000 -0.342530 0.939507
vn 0.000000 -0.342530 0.939507
vn -0.000001 -0.342527 0.939508
vn -0.000001 -0.342527 0.939508
vn -0.000001 -0.342527 0.939508
vn 0.000000 -0.342605 0.939480
vn 0.000000 -0.342605 0.939480
vn 0.000000 -0.342605 0.939480
vn -0.000000 -0.342527 0.939508
vn -0.000000 -0.342527 0.939508
vn -0.000000 -0.342527 0.939508
vn 0.000000 -0.342527 0.939508
vn 0.000000 -0.342527 0.939508
vn 0.000000 -0.342527 0.939508
vn 0.000000 -0.939506 -0.342532
vn 0.000000 -0.939506 -0.342532
vn 0.000000 -0.939506 -0.342532
vn 0.000000 -0.939506 -0.342531
vn 0.000000 -0.939506 -0.342531
vn 0.000000 -0.939506 -0.342531
vn 0.000001 0.342631 -0.939470
vn 0.000001 0.342631 -0.939470
vn 0.000001 0.342631 -0.939470
vn 0.000002 0.342528 -0.939508
vn 0.000002 0.342528 -0.939508
vn 0.000002 0.342528 -0.939508
vn -0.000001 0.342521 -0.939510
vn -0.000001 0.342521 -0.939510
vn -0.000001 0.342521 -0.939510
vn 0.000000 0.342613 -0.939477
vn 0.000000 0.342613 -0.939477
vn 0.000000 0.342613 -0.939477
vn -0.000001 0.342521 -0.939510
vn -0.000001 0.342521 -0.939510
vn -0.000001 0.342521 -0.939510
vn -0.000002 0.342521 -0.939510
vn -0.000002 0.342521 -0.939510
vn -0.000002 0.342521 -0.939510
vn 0.343074 0.264595 -0.901271
vn 0.346847 0.255361 -0.902490
vn 0.348303 0.260761 -0.900383
vn 0.353463 0.255837 -0.899784
vn 0.352982 0.263705 -0.897699
vn 0.357616 0.260238 -0.896876
vn 0.354249 0.270694 -0.895116
vn 0.358466 0.270904 -0.893372
vn 0.354664 0.277392 -0.892898
vn 0.358608 0.277545 -0.891274
vn 0.355002 0.283218 -0.890933
vn 0.358716 0.283326 -0.889409
vn 0.355280 0.288334 -0.889179
vn 0.358799 0.288435 -0.887732
vn 0.355528 0.292869 -0.887596
vn 0.358866 0.292951 -0.886225
vn 0.355746 0.296908 -0.886166
vn 0.358909 0.296949 -0.884876
vn 0.355932 0.300527 -0.884871
vn 0.358952 0.300571 -0.883635
vn 0.356083 0.303787 -0.883696
vn 0.358969 0.303820 -0.882516
vn 0.356238 0.306752 -0.882608
vn 0.359020 0.306768 -0.881475
vn 0.356371 0.309461 -0.881608
vn 0.359030 0.309434 -0.880539
vn 0.356474 0.311933 -0.880696
vn 0.359036 0.311912 -0.879661
vn 0.356578 0.314198 -0.879847
vn 0.359032 0.314159 -0.878863
vn 0.356680 0.316283 -0.879059
vn 0.359043 0.316233 -0.878114
vn 0.357250 0.317869 -0.878255
vn 0.359215 0.318735 -0.877139
vn 0.357182 0.319187 -0.877805
vn 0.362012 0.318826 -0.875955
vn 0.361502 0.317382 -0.876690
vn 0.362129 0.317283 -0.876467
vn 0.361848 0.315612 -0.877186
vn 0.363126 0.315415 -0.876729
vn 0.363315 0.313313 -0.877403
vn 0.364653 0.313142 -0.876910
vn 0.364885 0.310826 -0.877637
vn 0.366020 0.310930 -0.877127
vn 0.366313 0.308433 -0.877886
vn 0.367323 0.308056 -0.877597
vn 0.367692 0.305250 -0.878422
vn 0.368456 0.305210 -0.878115
vn 0.368901 0.302136 -0.878991
vn 0.369690 0.302048 -0.878690
vn 0.370210 0.298798 -0.879582
vn 0.371041 0.298715 -0.879260
vn 0.371667 0.294916 -0.880278
vn 0.372549 0.294832 -0.879933
vn 0.373289 0.290715 -0.880988
vn 0.374226 0.290518 -0.880656
vn 0.375088 0.285893 -0.881801
vn 0.376047 0.285859 -0.881404
vn 0.377067 0.280645 -0.882643
vn 0.378119 0.280425 -0.882263
vn 0.379348 0.274470 -0.883607
vn 0.380891 0.274479 -0.882940
vn 0.381536 0.267791 -0.884713
vn 0.382067 0.267747 -0.884498
vn 0.384283 0.259745 -0.885923
vn 0.381618 0.251388 -0.889478
vn 0.383205 0.259819 -0.886368
vn 0.382565 0.259897 -0.886621
vn 0.379533 0.267790 -0.885575
vn 0.378341 0.267967 -0.886032
vn 0.377115 0.274784 -0.884465
vn 0.376016 0.274881 -0.884902
vn 0.375006 0.280808 -0.883469
vn 0.373953 0.280973 -0.883863
vn 0.373109 0.286246 -0.882527
vn 0.372131 0.286256 -0.882936
vn 0.371438 0.290955 -0.881691
vn 0.370504 0.291065 -0.882048
vn 0.369913 0.295165 -0.880932
vn 0.369042 0.295248 -0.881270
vn 0.368555 0.298920 -0.880235
vn 0.367381 0.299359 -0.880577
vn 0.367001 0.302697 -0.879594
vn 0.365712 0.302598 -0.880165
vn 0.365412 0.305625 -0.879242
vn 0.363894 0.305857 -0.879791
vn 0.363693 0.308525 -0.878942
vn 0.362261 0.308714 -0.879467
vn 0.362090 0.311191 -0.878664
vn 0.360696 0.311370 -0.879174
vn 0.360610 0.313641 -0.878402
vn 0.364379 0.253760 -0.896010
vn 0.362391 0.262366 -0.894336
vn 0.361540 0.269930 -0.892427
vn 0.361435 0.276627 -0.890417
vn 0.361362 0.282525 -0.888593
vn 0.361263 0.287652 -0.886987
vn 0.361165 0.292226 -0.885530
vn 0.361078 0.296272 -0.884220
vn 0.361002 0.299930 -0.883017
vn 0.360886 0.303133 -0.881971
vn 0.360838 0.306104 -0.880963
vn 0.360785 0.308864 -0.880021
vn 0.375209 0.252163 -0.891982
vn 0.369417 0.257585 -0.892850
vn 0.364969 0.262113 -0.893361
vn 0.363691 0.262196 -0.893858
vn 0.363965 0.269588 -0.891545
vn 0.380622 0.254578 -0.888998
vn 0.376191 0.260571 -0.889147
vn 0.375544 0.260650 -0.889398
vn 0.375957 0.268264 -0.886956
vn 0.374766 0.268393 -0.887420
vn 0.373795 0.275087 -0.885779
vn 0.372685 0.275309 -0.886178
vn 0.371869 0.281183 -0.884675
vn 0.370819 0.281357 -0.885060
vn 0.370159 0.286583 -0.883659
vn 0.368770 0.287044 -0.884090
vn 0.368269 0.291578 -0.882814
vn 0.366792 0.291538 -0.883442
vn 0.366395 0.295608 -0.882253
vn 0.364638 0.295829 -0.882907
vn 0.364344 0.299501 -0.881789
vn 0.362648 0.299675 -0.882429
vn 0.362481 0.302992 -0.881365
vn 0.379329 0.280478 -0.881726
vn 0.378842 0.280526 -0.881921
vn 0.377016 0.285733 -0.881031
vn 0.375150 0.290360 -0.880314
vn 0.373433 0.294716 -0.879597
vn 0.371880 0.298530 -0.878968
vn 0.370473 0.302009 -0.878374
vn 0.369222 0.305121 -0.877825
vn 0.368051 0.307969 -0.877322
vn 0.366965 0.310596 -0.876851
vn 0.365743 0.313190 -0.876438
vn 0.364417 0.315256 -0.876250
vn 0.362754 0.317225 -0.876229
vn 0.378396 0.285625 -0.880474
vn 0.377152 0.290286 -0.879483
vn 0.376699 0.290421 -0.879633
vn 0.376390 0.294417 -0.878436
vn 0.375187 0.294414 -0.878951
vn 0.374380 0.298160 -0.878032
vn 0.373545 0.298278 -0.878348
vn 0.372863 0.301617 -0.877497
vn 0.372062 0.301731 -0.877798
vn 0.371476 0.304831 -0.876974
vn 0.370718 0.304919 -0.877264
vn 0.370223 0.307651 -0.876519
vn 0.369505 0.307698 -0.876806
vn 0.369064 0.310284 -0.876080
vn 0.368353 0.310382 -0.876344
vn 0.367994 0.312733 -0.875659
vn 0.367325 0.312833 -0.875904
vn 0.366991 0.314931 -0.875292
vn 0.366356 0.315043 -0.875518
vn 0.366608 0.316819 -0.874771
vn 0.366320 0.316883 -0.874869
vn 0.366794 0.318360 -0.874133
vn 0.364230 0.318237 -0.875250
vn 0.375265 0.298689 -0.877474
vn 0.374968 0.298250 -0.877751
vn 0.373652 0.301510 -0.877198
vn 0.372240 0.304652 -0.876712
vn 0.370944 0.307560 -0.876246
vn 0.369752 0.310198 -0.875820
vn 0.368654 0.312554 -0.875445
vn 0.367625 0.314780 -0.875080
vn 0.366928 0.316740 -0.874665
vn 0.372689 0.309902 -0.874679
vn 0.374240 0.304488 -0.875918
vn 0.374573 0.300056 -0.877303
vn 0.369423 0.317789 -0.873233
vn 0.371899 0.314272 -0.873455
vn 0.372064 0.311178 -0.874492
vn 0.372330 0.309959 -0.874812
vn 0.371320 0.312240 -0.874430
vn 0.371828 0.309904 -0.875045
vn 0.370651 0.312296 -0.874694
vn 0.371145 0.309970 -0.875311
vn 0.369971 0.312473 -0.874919
vn 0.370443 0.310140 -0.875548
vn 0.369309 0.312504 -0.875187
vn 0.368930 0.317924 -0.873393
vn 0.370871 0.316238 -0.873183
vn 0.371149 0.316215 -0.873073
vn 0.370839 0.314428 -0.873850
vn 0.354771 0.319555 -0.878648
vn 0.353555 0.318987 -0.879344
vn 0.353080 0.316564 -0.880410
vn 0.352586 0.313448 -0.881722
vn 0.354098 0.313532 -0.881086
vn 0.353979 0.312202 -0.881606
vn 0.351313 0.303529 -0.885691
vn 0.351948 0.307073 -0.884216
vn 0.353876 0.310812 -0.882138
vn 0.349960 0.289412 -0.890937
vn 0.350726 0.297237 -0.888055
vn 0.353024 0.301326 -0.885763
vn 0.353184 0.303228 -0.885050
vn 0.347222 0.269413 -0.898251
vn 0.348210 0.277745 -0.895325
vn 0.351518 0.285154 -0.891696
vn 0.351784 0.288076 -0.890652
vn 0.349802 0.268101 -0.897641
vn 0.371003 0.317156 -0.872794
vn 0.372594 0.308725 -0.875136
vn 0.372391 0.307388 -0.875693
vn 0.371679 0.307477 -0.875964
vn 0.372996 0.304628 -0.876400
vn 0.352028 0.290781 -0.889675
vn 0.380728 0.267534 -0.885139
vn 0.377158 0.268009 -0.886523
vn 0.374883 0.260833 -0.889623
vn 0.374245 0.260910 -0.889869
vn 0.373616 0.260864 -0.890147
vn 0.372391 0.268625 -0.888350
vn 0.370661 0.269250 -0.888884
vn 0.369962 0.275950 -0.887119
vn 0.368215 0.275840 -0.887880
vn 0.367683 0.281707 -0.886257
vn 0.365579 0.281963 -0.887045
vn 0.365230 0.287155 -0.885522
vn 0.363249 0.287405 -0.886256
vn 0.363035 0.291949 -0.884857
vn 0.373583 0.268385 -0.887922
vn 0.372535 0.261339 -0.890460
vn 0.368792 0.269055 -0.889720
vn 0.366382 0.269321 -0.890635
vn 0.365974 0.276106 -0.888723
vn 0.378228 0.274601 -0.884046
vn 0.376039 0.280675 -0.883072
vn 0.374105 0.286005 -0.882183
vn 0.372360 0.290841 -0.881340
vn 0.370784 0.295063 -0.880600
vn 0.369386 0.298818 -0.879921
vn 0.368108 0.302260 -0.879281
vn 0.366635 0.305673 -0.878717
vn 0.365141 0.308348 -0.878404
vn 0.363497 0.311015 -0.878146
vn 0.361965 0.313502 -0.877894
vn 0.360563 0.315753 -0.877664
vn 0.374898 0.275005 -0.885338
vn 0.372918 0.281053 -0.884275
vn 0.371142 0.286380 -0.883312
vn 0.369572 0.291092 -0.882430
vn 0.367800 0.295704 -0.881636
vn 0.366042 0.299268 -0.881165
vn 0.364106 0.302894 -0.880728
vn 0.362388 0.305995 -0.880365
vn 0.371558 0.275398 -0.886623
vn 0.369322 0.281878 -0.885520
vn 0.367207 0.286882 -0.884793
vn 0.364909 0.291715 -0.884163
vn 0.362861 0.296052 -0.883564
vn 0.363709 0.276373 -0.889569
vn 0.363476 0.282272 -0.887811
vn 0.376055 0.290370 -0.879925
vn 0.374316 0.294575 -0.879269
vn 0.372717 0.298386 -0.878663
vn 0.371259 0.301904 -0.878078
vn 0.369978 0.304949 -0.877566
vn 0.368771 0.307862 -0.877057
vn 0.367652 0.310457 -0.876612
vn 0.366646 0.312838 -0.876187
vn 0.365476 0.315332 -0.875782
vn 0.370193 0.314524 -0.874089
vn 0.369552 0.314591 -0.874336
vn 0.368920 0.314682 -0.874570
vn 0.368276 0.314699 -0.874836
vn 0.367250 0.316721 -0.874537
vn 0.367565 0.316676 -0.874421
vn 0.367864 0.316615 -0.874318
vn 0.000000 0.966303 -0.257409
vn 0.000000 0.966302 -0.257409
vn 0.000000 0.966303 -0.257409
vn -0.000010 0.966286 -0.257470
vn -0.000010 0.966286 -0.257470
vn -0.000010 0.966286 -0.257470
vn -0.000009 0.966287 -0.257468
vn -0.000009 0.966287 -0.257468
vn -0.000009 0.966287 -0.257468
vn -0.000010 0.966286 -0.257470
vn -0.000010 0.966286 -0.257470
vn -0.000010 0.966286 -0.257470
vn -0.000009 0.966286 -0.257469
vn -0.000009 0.966287 -0.257469
vn -0.000009 0.966286 -0.257469
vn 0.000051 0.966292 -0.257449
vn 0.000051 0.966292 -0.257449
vn 0.000051 0.966292 -0.257449
vn 0.000000 0.966322 -0.257338
vn -0.000001 -0.342527 0.939508
vn -0.000001 -0.342527 0.939508
vn -0.000001 -0.342527 0.939508
vn -0.000000 -0.342527 0.939508
vn -0.000000 -0.342527 0.939508
vn -0.000000 -0.342527 0.939508
vn -0.000000 0.331385 0.943496
vn -0.000000 0.331385 0.943496
vn -0.000000 0.331385 0.943495
vn -0.000001 0.331387 0.943495
vn -0.000001 0.331387 0.943495
vn -0.000001 0.331387 0.943495
vn -0.000000 -0.876011 0.482291
vn -0.000000 -0.876011 0.482291
vn -0.000000 -0.876011 0.482291
vn -0.000000 -0.876011 0.482291
vn -0.000000 -0.876011 0.482291
vn -0.000000 -0.876011 0.482291
vn 0.000000 -0.939504 -0.342537
vn 0.000000 -0.939504 -0.342537
vn 0.000000 -0.939504 -0.342537
vn 0.000000 -0.939505 -0.342536
vn 0.000000 -0.939505 -0.342536
vn 0.000000 -0.939505 -0.342536
vn 1.000000 0.000000 0.000000
vn 1.000000 0.000000 0.000000
vn 1.000000 0.000000 0.000000
vn 1.000000 0.000000 0.000000
vn 1.000000 0.000000 0.000000
vn 1.000000 0.000000 0.000000
vn 1.000000 0.000000 0.000000
vn 1.000000 0.000000 0.000000
vn 1.000000 0.000000 0.000000
vn 1.000000 0.000004 0.000000
vn 1.000000 0.000004 0.000000
vn 1.000000 0.000004 0.000000
vn 1.000000 0.000000 0.000000
vn 1.000000 0.000000 0.000000
vn 1.000000 0.000000 0.000000
vn 1.000000 0.000003 -0.000000
vn 1.000000 0.000003 -0.000000
vn 1.000000 0.000003 -0.000000
vn 1.000000 -0.000002 -0.000000
vn 1.000000 -0.000002 -0.000000
vn 1.000000 -0.000002 -0.000000
vn 1.000000 0.000000 -0.000000
vn 1.000000 0.000000 -0.000000
vn 1.000000 0.000000 -0.000000
vn 1.000000 0.000001 0.000000
vn 1.000000 0.000001 0.000000
vn 1.000000 0.000001 0.000000
vn 1.000000 -0.000001 0.000000
vn 1.000000 -0.000001 0.000000
vn 1.000000 -0.000001 0.000000
vn 1.000000 0.000000 0.000000
vn 1.000000 0.000000 0.000000
vn 1.000000 0.000000 0.000000
vn 1.000000 0.000001 0.000000
vn 1.000000 0.000001 0.000000
vn 1.000000 0.000001 0.000000
vn 1.000000 0.000000 0.000000
vn 1.000000 0.000000 0.000000
vn 1.000000 0.000000 0.000000
vn 1.000000 0.000000 0.000000
vn 1.000000 0.000000 0.000000
vn 1.000000 0.000000 0.000000
vn 1.000000 -0.000003 0.000000
vn 1.000000 -0.000003 0.000000
vn 1.000000 -0.000003 0.000000
vn 1.000000 -0.000005 0.000000
vn 1.000000 -0.000005 0.000000
vn 1.000000 -0.000005 0.000000
vn 1.000000 -0.000002 0.000000
vn 1.000000 -0.000002 0.000000
vn 1.000000 -0.000002 0.000000
vn 1.000000 0.000000 0.000000
vn 1.000000 0.000000 0.000000
vn 1.000000 0.000000 0.000000
vn 1.000000 0.000003 -0.000001
vn 1.000000 0.000003 -0.000001
vn 1.000000 0.000003 -0.000001
vn 1.000000 -0.000002 0.000000
vn 1.000000 -0.000002 0.000000
vn 1.000000 -0.000002 0.000000
vn 1.000000 0.000032 -0.000001
vn 1.000000 0.000032 -0.000001
vn 1.000000 0.000032 -0.000001
vn -0.000000 0.939509 0.342525
vn -0.000000 0.939509 0.342525
vn -0.000000 0.939509 0.342525
vn -0.000000 0.939509 0.342525
vn -0.000000 0.939509 0.342525
vn -0.000000 0.939509 0.342525
vn 0.000016 0.939500 0.342550
vn 0.000016 0.939499 0.342550
vn 0.000016 0.939500 0.342550
vn -0.000004 0.939509 0.342524
vn -0.000004 0.939509 0.342524
vn -0.000004 0.939509 0.342524
vn 0.000000 0.939509 0.342524
vn 0.000000 0.939509 0.342524
vn 0.000000 0.939509 0.342524
vn 0.000000 0.939509 0.342524
vn 0.000000 0.939509 0.342524
vn 0.000000 0.939509 0.342524
vn 0.000001 0.939508 0.342528
vn 0.000001 0.939508 0.342528
vn 0.000001 0.939508 0.342528
vn -0.000018 0.939499 0.342551
vn -0.000018 0.939499 0.342551
vn -0.000018 0.939499 0.342551
vn -0.000000 0.939509 0.342525
vn -0.000000 0.939509 0.342525
vn -0.000000 0.939509 0.342525
vn 0.000000 0.939509 0.342525
vn 0.000000 0.939509 0.342525
vn 0.000000 0.939509 0.342525
vn 0.000000 0.342265 -0.939604
vn 0.000000 0.342265 -0.939604
vn 0.000000 0.342265 -0.939604
vn 0.000001 0.342282 -0.939597
vn 0.000001 0.342282 -0.939597
vn 0.000001 0.342282 -0.939597
vn 0.000000 -0.687135 -0.726530
vn 0.000000 -0.687135 -0.726530
vn 0.000000 -0.687135 -0.726530
vn 0.000000 -0.687135 -0.726529
vn 0.000000 -0.687135 -0.726529
vn 0.000000 -0.687135 -0.726530
vn 0.000000 -0.687133 -0.726531
vn 0.000000 -0.687133 -0.726531
vn 0.000000 -0.687133 -0.726531
vn 0.000000 0.906552 -0.422094
vn 0.000000 0.906552 -0.422094
vn 0.000000 0.906552 -0.422094
vn 0.000000 0.906552 -0.422094
vn 0.000000 0.906552 -0.422094
vn 0.000000 0.906552 -0.422094
vn -0.000000 0.939500 0.342550
vn -0.000000 0.939500 0.342550
vn -0.000000 0.939500 0.342550
vn -0.000000 0.939500 0.342550
vn -0.000000 0.939500 0.342550
vn -0.000000 0.939500 0.342550
vn 0.000000 -0.939514 -0.342510
vn 0.000000 -0.939514 -0.342510
vn 0.000000 -0.939514 -0.342510
vn 0.000000 -0.939514 -0.342511
vn 0.000000 -0.939514 -0.342511
vn 0.000000 -0.939514 -0.342511
vn -0.866024 0.000002 -0.500002
vn -0.818960 0.000126 -0.573851
s off
g camera_mount_mesh camera_mount
f 1//1 2//2 3//3
f 3//4 2//5 4//6
f 4//7 2//8 5//9
f 4//10 5//11 6//12
f 6//13 5//14 7//15
f 6//16 7//17 8//18
f 8//19 7//20 9//21
f 2//22 10//23 5//24
f 5//25 10//26 7//27
f 2//28 1//29 11//30
f 11//31 1//32 12//33
f 10//34 13//35 7//36
f 7//37 13//38 14//39
f 14//40 13//41 15//42
f 14//43 15//44 16//45
f 10//46 2//47 17//48
f 17//49 2//50 18//51
f 18//52 2//53 11//54
f 18//55 11//56 16//57
f 7//58 14//59 9//60
f 9//61 14//62 19//63
s 1
f 20//64 21//65 22//66
f 22//66 21//65 23//67
f 22//66 23//67 24//68
f 24//68 23//67 25//69
f 24//68 25//69 26//70
f 26//70 25//69 27//71
f 26//70 27//71 28//72
f 28//72 27//71 29//73
f 28//72 29//73 30//74
f 30//74 29//73 31//75
f 30//74 31//75 32//76
f 32//76 31//75 33//77
f 32//76 33//77 34//78
f 34//78 33//77 35//79
f 34//78 35//79 36//80
f 36//80 35//79 37//81
f 36//80 37//81 38//82
f 38//82 37//81 39//83
f 38//82 39//83 40//84
f 40//84 39//83 41//85
f 40//84 41//85 42//86
f 42//86 41//85 43//87
f 42//86 43//87 44//88
f 44//88 43//87 45//89
f 44//88 45//89 46//90
f 46//90 45//89 47//91
f 46//90 47//91 48//92
f 48//92 47//91 49//93
f 48//92 49//93 50//94
f 50//94 49//93 51//95
f 50//94 51//95 52//96
f 52//96 51//95 53//97
f 52//96 53//97 54//98
f 54//98 53//97 55//99
f 54//98 55//99 56//100
f 56//100 55//99 57//101
f 56//100 57//101 58//102
f 58//102 57//101 59//103
f 58//102 59//103 60//104
f 60//104 59//103 61//105
f 60//104 61//105 62//106
f 62//106 61//105 63//107
f 62//106 63//107 64//108
f 64//108 63//107 65//109
f 64//108 65//109 66//110
f 66//110 65//109 67//111
f 66//110 67//111 68//112
f 68//112 67//111 69//113
f 68//112 69//113 70//114
f 70//114 69//113 71//115
f 70//114 71//115 72//116
f 72//116 71//115 73//117
f 72//116 73//117 74//118
f 74//118 73//117 75//119
f 74//118 75//119 76//120
f 76//120 75//119 77//121
f 76//120 77//121 78//122
f 78//122 77//121 79//123
f 78//122 79//123 80//124
f 80//124 79//123 81//125
f 80//124 81//125 82//126
f 82//126 81//125 83//127
f 82//126 83//127 84//128
f 84//128 83//127 85//129
f 84//128 85//129 86//130
f 86//130 85//129 87//131
f 86//130 87//131 88//132
f 88//132 87//131 89//133
f 88//132 89//133 90//134
f 90//134 89//133 91//135
f 90//134 91//135 20//64
f 20//64 91//135 21//65
s off
f 3//136 92//137 1//138
f 1//139 92//140 12//141
f 9//142 19//143 8//144
f 8//145 19//146 93//147
f 11//148 12//149 16//150
f 16//151 12//152 19//153
f 16//154 19//155 14//156
f 92//157 94//158 12//159
f 12//160 94//161 95//162
f 12//163 95//164 19//165
f 19//166 95//167 93//168
f 93//169 95//170 96//171
f 93//172 96//173 97//174
f 98//175 99//176 92//177
f 92//178 99//179 94//180
f 100//181 101//182 16//183
f 16//184 101//185 18//186
f 102//187 100//188 15//189
f 15//190 100//191 16//192
f 15//193 13//194 102//195
f 102//196 13//197 103//198
f 25//199 23//200 101//201
f 101//202 23//203 21//204
f 101//205 21//206 91//207
f 101//208 91//209 104//210
f 104//211 91//212 89//213
f 104//214 89//215 87//216
f 87//217 85//218 104//219
f 104//220 85//221 83//222
f 104//223 83//224 81//225
f 81//226 79//227 104//228
f 104//229 79//230 5//231
f 5//232 79//233 77//234
f 5//235 77//236 75//237
f 75//238 73//239 5//240
f 5//241 73//242 71//243
f 5//244 71//245 69//246
f 69//247 67//248 5//249
f 5//250 67//251 103//252
f 103//253 67//254 65//255
f 103//256 65//257 63//258
f 63//259 61//260 103//261
f 103//262 61//263 59//264
f 103//265 59//266 57//267
f 57//268 55//269 103//270
f 103//271 55//272 102//273
f 102//274 55//275 53//276
f 102//277 53//278 51//279
f 51//280 49//281 102//282
f 102//283 49//284 47//285
f 102//286 47//287 45//288
f 45//289 43//290 102//291
f 102//292 43//293 100//294
f 100//295 43//296 41//297
f 100//298 41//299 39//300
f 39//301 37//302 100//303
f 100//304 37//305 35//306
f 100//307 35//308 33//309
f 33//310 31//311 100//312
f 100//313 31//314 101//315
f 101//316 31//317 29//318
f 101//319 29//320 27//321
f 27//322 25//323 101//324
f 101//325 104//326 18//327
f 18//328 104//329 17//330
f 104//331 5//332 17//333
f 17//334 5//335 10//336
f 5//337 103//338 10//339
f 10//340 103//341 13//342
f 6//343 8//344 97//345
f 97//346 8//347 93//348
f 4//349 98//350 3//351
f 3//352 98//353 92//354
f 105//355 106//356 107//357
f 107//358 106//359 108//360
f 109//361 105//362 110//363
f 110//364 105//365 107//366
f 111//367 110//368 108//369
f 108//370 110//371 107//372
f 112//373 113//374 114//375
f 114//376 113//377 115//378
f 116//379 112//380 117//381
f 117//382 112//383 114//384
f 115//385 118//386 114//387
f 114//388 118//389 117//390
f 6//391 72//392 4//393
f 4//394 72//395 74//396
f 4//397 74//398 76//399
f 97//400 52//401 6//402
f 6//403 52//404 54//405
f 6//406 54//407 56//408
f 96//409 116//410 97//411
f 97//412 116//413 106//414
f 97//415 106//416 98//417
f 98//418 106//419 99//420
f 99//421 106//422 119//423
f 119//424 106//425 120//426
f 120//427 106//428 105//429
f 120//430 105//431 121//432
f 121//433 105//434 122//435
f 122//436 105//437 109//438
f 122//439 109//440 123//441
f 96//442 124//443 116//444
f 116//445 124//446 125//447
f 116//448 125//449 112//450
f 112//451 125//452 126//453
f 112//454 126//455 127//456
f 112//457 127//458 128//459
f 128//460 127//461 129//462
f 128//463 129//464 130//465
f 128//466 113//467 112//468
f 131//469 132//470 123//471
f 123//472 132//473 133//474
f 123//475 133//476 122//477
f 121//478 134//479 120//480
f 4//481 88//482 98//483
f 98//484 88//485 90//486
f 98//487 90//488 20//489
f 20//490 22//491 98//492
f 98//493 22//494 24//495
f 98//496 24//497 26//498
f 26//499 28//500 98//501
f 98//502 28//503 30//504
f 98//505 30//506 32//507
f 32//508 34//509 98//510
f 98//511 34//512 36//513
f 98//514 36//515 97//516
f 97//517 36//518 38//519
f 97//520 38//521 40//522
f 40//523 42//524 97//525
f 97//526 42//527 44//528
f 97//529 44//530 46//531
f 46//532 48//533 97//534
f 97//535 48//536 50//537
f 97//538 50//539 52//540
f 56//541 58//542 6//543
f 6//544 58//545 60//546
f 6//547 60//548 62//549
f 62//550 64//551 6//552
f 6//553 64//554 66//555
f 6//556 66//557 68//558
f 68//559 70//560 6//561
f 6//562 70//563 72//564
f 76//565 78//566 4//567
f 4//568 78//569 80//570
f 4//571 80//572 82//573
f 82//574 84//575 4//576
f 4//577 84//578 86//579
f 4//580 86//581 88//582
f 118//583 115//584 135//585
f 135//586 115//587 136//588
f 108//589 106//590 111//591
f 111//592 106//593 116//594
f 111//595 116//596 118//597
f 118//598 116//599 117//600
f 135//601 137//602 118//603
f 118//604 137//605 111//606
f 138//607 139//608 140//609
f 140//610 139//611 141//612
f 140//613 141//614 135//615
f 135//616 141//617 137//618
f 137//619 141//620 142//621
f 142//622 141//623 143//624
f 135//625 136//626 140//627
f 140//628 136//629 144//630
f 145//631 95//632 146//633
f 146//634 95//635 147//636
f 146//637 147//638 148//639
f 149//640 150//641 145//642
f 145//643 150//644 151//645
f 145//646 151//647 95//648
f 149//649 152//650 150//651
f 94//652 153//653 95//654
f 95//655 153//656 147//657
f 154//658 155//659 148//660
f 148//661 155//662 146//663
f 139//664 138//665 146//666
f 146//667 138//668 145//669
f 122//670 133//671 154//672
f 154//673 133//674 155//675
f 132//676 139//677 133//678
f 133//679 139//680 155//681
f 155//682 139//683 146//684
f 132//685 131//686 139//687
f 139//688 131//689 141//690
f 131//691 123//692 141//693
f 141//694 123//695 143//696
f 109//697 110//698 123//699
f 123//700 110//701 143//702
f 143//703 110//704 142//705
f 110//706 111//707 142//708
f 142//709 111//710 137//711
f 156//712 157//713 158//714
f 158//715 157//716 159//717
f 158//718 159//719 160//720
f 160//721 159//722 161//723
f 160//724 161//725 162//726
f 163//727 164//728 156//729
f 156//730 164//731 165//732
f 156//733 165//734 157//735
f 166//736 167//737 163//738
f 163//739 167//740 168//741
f 163//742 168//743 164//744
f 166//745 169//746 167//747
f 167//748 169//749 170//750
f 167//751 170//752 171//753
f 171//754 172//755 167//756
f 167//757 172//758 173//759
f 167//760 173//761 174//762
f 174//763 175//764 167//765
f 167//766 175//767 176//768
f 167//769 176//770 177//771
f 177//772 178//773 167//774
f 167//775 178//776 179//777
f 167//778 179//779 180//780
f 180//781 181//782 167//783
f 167//784 181//785 182//786
f 182//787 181//788 183//789
f 182//790 183//791 184//792
f 184//793 185//794 182//795
f 182//796 185//797 186//798
f 186//799 185//800 187//801
f 186//802 187//803 188//804
f 187//805 185//806 189//807
f 189//808 185//809 190//810
f 189//811 190//812 191//813
f 191//814 190//815 192//816
f 191//817 192//818 193//819
f 191//820 193//821 194//822
f 194//823 193//824 195//825
f 194//826 195//827 196//828
f 196//829 195//830 197//831
f 196//832 197//833 198//834
f 198//835 197//836 199//837
f 198//838 199//839 200//840
f 200//841 199//842 201//843
f 200//844 201//845 202//846
f 202//847 201//848 203//849
f 203//850 201//851 204//852
f 203//853 204//854 205//855
f 205//856 204//857 206//858
f 206//859 204//860 207//861
f 206//862 207//863 208//864
f 208//865 207//866 209//867
f 208//868 209//869 210//870
f 210//871 209//872 211//873
f 211//874 209//875 212//876
f 211//877 212//878 213//879
f 213//880 212//881 214//882
f 214//883 212//884 215//885
f 214//886 215//887 216//888
f 216//889 215//890 217//891
f 216//892 217//893 218//894
f 201//895 199//896 219//897
f 219//898 199//899 220//900
f 219//901 220//902 221//903
f 219//904 221//905 222//906
f 222//907 221//908 223//909
f 222//910 223//911 224//912
f 222//913 224//914 225//915
f 225//916 224//917 226//918
f 225//919 226//920 227//921
f 227//922 226//923 228//924
f 227//925 228//926 229//927
f 227//928 229//929 230//930
f 230//931 229//932 231//933
f 230//934 231//935 232//936
f 230//937 232//938 162//939
f 162//940 232//941 160//942
f 216//943 218//944 233//945
f 233//946 218//947 234//948
f 233//949 234//950 235//951
f 235//952 234//953 236//954
f 235//955 236//956 237//957
f 188//958 238//959 186//960
f 186//961 238//962 239//963
f 186//964 239//965 240//966
f 240//967 239//968 241//969
f 240//970 241//971 242//972
f 242//973 243//974 240//975
f 240//976 243//977 244//978
f 240//979 244//980 245//981
f 245//982 246//983 240//984
f 240//985 246//986 247//987
f 240//988 247//989 248//990
f 248//991 249//992 240//993
f 240//994 249//995 250//996
f 240//997 250//998 251//999
f 251//1000 252//1001 240//1002
f 240//1003 252//1004 253//1005
f 240//1006 253//1007 254//1008
f 235//1009 237//1010 254//1011
f 254//1012 237//1013 255//1014
f 254//1015 255//1016 240//1017
f 240//1018 255//1019 256//1020
f 240//1021 256//1022 257//1023
f 258//1024 259//1025 167//1026
f 167//1027 259//1028 168//1029
f 260//1030 261//1031 262//1032
f 262//1033 261//1034 263//1035
f 262//1036 263//1037 264//1038
f 265//1039 266//1040 260//1041
f 260//1042 266//1043 267//1044
f 260//1045 267//1046 268//1047
f 269//1048 270//1049 265//1050
f 265//1051 270//1052 271//1053
f 265//1054 271//1055 272//1056
f 273//1057 274//1058 272//1059
f 272//1060 274//1061 275//1062
f 272//1063 275//1064 265//1065
f 265//1066 275//1067 276//1068
f 265//1069 276//1070 277//1071
f 273//1072 278//1073 274//1074
f 274//1075 278//1076 279//1077
f 279//1078 278//1079 280//1080
f 279//1081 280//1082 281//1083
f 281//1084 282//1085 279//1086
f 279//1087 282//1088 283//1089
f 283//1090 282//1091 284//1092
f 283//1093 284//1094 285//1095
f 285//1096 284//1097 286//1098
f 285//1099 286//1100 287//1101
f 287//1102 286//1103 288//1104
f 287//1105 288//1106 289//1107
f 289//1108 288//1109 290//1110
f 290//1111 288//1112 291//1113
f 290//1114 291//1115 292//1116
f 292//1117 291//1118 293//1119
f 293//1120 291//1121 294//1122
f 293//1123 294//1124 295//1125
f 295//1126 294//1127 296//1128
f 296//1129 294//1130 297//1131
f 296//1132 297//1133 298//1134
f 298//1135 297//1136 299//1137
f 298//1138 299//1139 300//1140
f 300//1141 299//1142 301//1143
f 300//1144 301//1145 302//1146
f 302//1147 301//1148 303//1149
f 302//1150 303//1151 304//1152
f 304//1153 303//1154 305//1155
f 304//1156 305//1157 306//1158
f 306//1159 305//1160 307//1161
f 306//1162 307//1163 308//1164
f 308//1165 307//1166 309//1167
f 308//1168 309//1169 310//1170
f 310//1171 309//1172 311//1173
f 310//1174 311//1175 312//1176
f 312//1177 311//1178 261//1179
f 312//1180 261//1181 260//1182
f 294//1183 313//1184 297//1185
f 297//1186 313//1187 314//1188
f 314//1189 313//1190 315//1191
f 315//1192 313//1193 316//1194
f 315//1195 316//1196 317//1197
f 317//1198 316//1199 318//1200
f 318//1201 316//1202 319//1203
f 318//1204 319//1205 320//1206
f 320//1207 319//1208 321//1209
f 321//1210 319//1211 322//1212
f 321//1213 322//1214 323//1215
f 323//1216 322//1217 324//1218
f 323//1219 324//1220 325//1221
f 325//1222 324//1223 326//1224
f 325//1225 326//1226 327//1227
f 327//1228 326//1229 328//1230
f 327//1231 328//1232 329//1233
f 329//1234 330//1235 327//1236
f 327//1237 330//1238 331//1239
f 331//1240 330//1241 332//1242
f 331//1243 332//1244 333//1245
f 334//1246 335//1247 333//1248
f 333//1249 335//1250 336//1251
f 333//1252 336//1253 331//1254
f 334//1255 337//1256 335//1257
f 335//1258 337//1259 338//1260
f 262//1261 339//1262 335//1263
f 335//1264 339//1265 340//1266
f 335//1267 340//1268 341//1269
f 264//1270 342//1271 262//1272
f 262//1273 342//1274 343//1275
f 262//1276 343//1277 344//1278
f 344//1279 339//1280 262//1281
f 341//1282 345//1283 335//1284
f 335//1285 345//1286 346//1287
f 335//1288 346//1289 347//1290
f 347//1291 348//1292 335//1293
f 335//1294 348//1295 349//1296
f 335//1297 349//1298 350//1299
f 350//1300 351//1301 335//1302
f 335//1303 351//1304 352//1305
f 335//1306 352//1307 336//1308
f 277//1309 353//1310 265//1311
f 265//1312 353//1313 354//1314
f 265//1315 354//1316 355//1317
f 355//1318 356//1319 265//1320
f 265//1321 356//1322 357//1323
f 265//1324 357//1325 358//1326
f 358//1327 359//1328 265//1329
f 265//1330 359//1331 360//1332
f 265//1333 360//1334 266//1335
f 268//1336 361//1337 260//1338
f 260//1339 361//1340 362//1341
f 260//1342 362//1343 363//1344
f 363//1345 312//1346 260//1347
s 2
f 257//1348 269//1349 240//1350
s off
f 186//1351 240//1352 364//1353
s 3
f 265//1354 364//1355 240//1356
s off
f 364//1357 260//1358 365//1359
f 365//1360 260//1361 366//1362
f 366//1363 260//1364 367//1365
f 367//1366 260//1367 368//1368
f 368//1369 260//1370 369//1371
f 369//1372 260//1373 370//1374
f 370//1375 260//1376 371//1377
f 335//1378 167//1379 262//1380
f 262//1381 167//1382 182//1383
f 262//1384 182//1385 372//1386
f 372//1387 373//1388 262//1389
f 262//1390 373//1391 374//1392
f 262//1393 374//1394 375//1395
f 258//1396 167//1397 338//1398
f 338//1399 167//1400 335//1401
s 4
f 269//1402 257//1403 270//1404
f 270//1404 257//1403 256//1405
f 270//1404 256//1405 271//1406
f 271//1406 256//1405 255//1407
f 271//1406 255//1407 272//1408
f 272//1408 255//1407 237//1409
f 272//1408 237//1409 273//1410
f 273//1410 237//1409 236//1411
f 273//1410 236//1411 278//1412
f 278//1412 236//1411 234//1413
f 278//1412 234//1413 280//1414
f 280//1414 234//1413 218//1415
f 280//1414 218//1415 281//1416
f 281//1416 218//1415 217//1417
f 281//1416 217//1417 282//1418
f 282//1418 217//1417 215//1419
f 282//1418 215//1419 284//1420
f 284//1420 215//1419 212//1421
f 284//1420 212//1421 286//1422
f 286//1422 212//1421 209//1423
f 286//1422 209//1423 288//1424
f 288//1424 209//1423 207//1425
f 288//1424 207//1425 291//1426
f 291//1426 207//1425 204//1427
f 294//1428 204//1427 201//1429
f 313//1430 201//1429 219//1431
f 313//1430 219//1431 316//1432
f 316//1432 219//1431 222//1433
f 316//1432 222//1433 319//1434
f 319//1434 222//1433 225//1435
f 319//1434 225//1435 322//1436
f 322//1436 225//1435 227//1437
f 322//1436 227//1437 324//1438
f 324//1438 227//1437 230//1439
f 324//1438 230//1439 326//1440
f 326//1440 230//1439 162//1441
f 326//1440 162//1441 328//1442
f 328//1442 162//1441 161//1443
f 328//1442 161//1443 329//1444
f 329//1444 161//1443 159//1445
f 329//1444 159//1445 330//1446
f 330//1446 159//1445 157//1447
f 330//1446 157//1447 332//1448
f 332//1448 157//1447 165//1449
f 332//1448 165//1449 333//1450
f 333//1450 165//1449 164//1451
f 333//1450 164//1451 334//1452
f 334//1452 164//1451 168//1453
f 334//1452 168//1453 337//1454
f 337//1454 168//1453 259//1455
f 337//1454 259//1455 338//1456
f 338//1456 259//1455 258//1457
s 5
f 331//1458 156//1459 327//1460
f 327//1460 156//1459 158//1461
f 327//1460 158//1461 325//1462
f 325//1462 158//1461 160//1463
f 325//1462 160//1463 323//1464
f 323//1464 160//1463 232//1465
f 323//1464 232//1465 321//1466
f 321//1466 232//1465 231//1467
f 321//1466 231//1467 320//1468
f 320//1468 231//1467 229//1469
f 320//1468 229//1469 318//1470
f 318//1470 229//1469 228//1471
f 318//1470 228//1471 317//1472
f 317//1472 228//1471 226//1473
f 317//1472 226//1473 315//1474
f 315//1474 226//1473 224//1475
f 315//1474 224//1475 314//1476
f 314//1476 224//1475 223//1477
f 314//1476 223//1477 297//1478
f 297//1478 223//1477 221//1479
f 297//1478 221//1479 299//1480
f 299//1480 221//1479 220//1481
f 299//1480 220//1481 301//1482
f 301//1482 220//1481 199//1483
f 301//1482 199//1483 303//1484
f 303//1484 199//1483 197//1485
f 303//1484 197//1485 305//1486
f 305//1486 197//1485 195//1487
f 305//1486 195//1487 307//1488
f 307//1488 195//1487 193//1489
f 307//1488 193//1489 309//1490
f 309//1490 193//1489 192//1491
f 309//1490 192//1491 311//1492
f 311//1492 192//1491 190//1493
f 311//1492 190//1493 261//1494
f 261//1494 190//1493 185//1495
f 261//1494 185//1495 263//1496
f 263//1496 185//1495 184//1497
f 263//1496 184//1497 264//1498
f 264//1498 184//1497 183//1499
f 264//1498 183//1499 342//1500
f 342//1500 183//1499 181//1501
f 342//1500 181//1501 343//1502
f 343//1502 181//1501 180//1503
f 343//1502 180//1503 344//1504
f 344//1504 180//1503 179//1505
f 344//1504 179//1505 339//1506
f 339//1506 179//1505 178//1507
f 339//1506 178//1507 340//1508
f 340//1508 178//1507 177//1509
f 340//1508 177//1509 341//1510
f 341//1510 177//1509 176//1511
f 341//1510 176//1511 345//1512
f 345//1512 176//1511 175//1513
f 345//1512 175//1513 346//1514
f 346//1514 175//1513 174//1515
f 346//1514 174//1515 347//1516
f 347//1516 174//1515 173//1517
f 347//1516 173//1517 348//1518
f 348//1518 173//1517 172//1519
f 348//1518 172//1519 349//1520
f 349//1520 172//1519 171//1521
f 349//1520 171//1521 350//1522
f 350//1522 171//1521 170//1523
f 350//1522 170//1523 351//1524
f 351//1524 170//1523 169//1525
f 351//1524 169//1525 352//1526
f 352//1526 169//1525 166//1527
f 352//1526 166//1527 336//1528
f 336//1528 166//1527 163//1529
f 336//1528 163//1529 331//1458
f 331//1458 163//1529 156//1459
s 6
f 283//1530 216//1531 279//1532
f 279//1532 216//1531 233//1533
f 279//1532 233//1533 274//1534
f 274//1534 233//1533 235//1535
f 274//1534 235//1535 275//1536
f 275//1536 235//1535 254//1537
f 275//1536 254//1537 276//1538
f 276//1538 254//1537 253//1539
f 276//1538 253//1539 277//1540
f 277//1540 253//1539 252//1541
f 277//1540 252//1541 353//1542
f 353//1542 252//1541 251//1543
f 353//1542 251//1543 354//1544
f 354//1544 251//1543 250//1545
f 354//1544 250//1545 355//1546
f 355//1546 250//1545 249//1547
f 355//1546 249//1547 356//1548
f 356//1548 249//1547 248//1549
f 356//1548 248//1549 357//1550
f 357//1550 248//1549 247//1551
f 357//1550 247//1551 358//1552
f 358//1552 247//1551 246//1553
f 358//1552 246//1553 359//1554
f 359//1554 246//1553 245//1555
f 359//1554 245//1555 360//1556
f 360//1556 245//1555 244//1557
f 360//1556 244//1557 266//1558
f 266//1558 244//1557 243//1559
f 266//1558 243//1559 267//1560
f 267//1560 243//1559 242//1561
f 267//1560 242//1561 268//1562
f 268//1562 242//1561 241//1563
f 268//1562 241//1563 361//1564
f 361//1564 241//1563 239//1565
f 361//1564 239//1565 362//1566
f 362//1566 239//1565 238//1567
f 362//1566 238//1567 363//1568
f 363//1568 238//1567 188//1569
f 363//1568 188//1569 312//1570
f 312//1570 188//1569 187//1571
f 312//1570 187//1571 310//1572
f 310//1572 187//1571 189//1573
f 310//1572 189//1573 308//1574
f 308//1574 189//1573 191//1575
f 308//1574 191//1575 306//1576
f 306//1576 191//1575 194//1577
f 306//1576 194//1577 304//1578
f 304//1578 194//1577 196//1579
f 304//1578 196//1579 302//1580
f 302//1580 196//1579 198//1581
f 302//1580 198//1581 300//1582
f 300//1582 198//1581 200//1583
f 300//1582 200//1583 298//1584
f 298//1584 200//1583 202//1585
f 298//1584 202//1585 296//1586
f 296//1586 202//1585 203//1587
f 296//1586 203//1587 295//1588
f 295//1588 203//1587 205//1589
f 293//1590 206//1591 292//1592
f 292//1592 206//1591 208//1593
f 292//1592 208//1593 290//1594
f 290//1594 208//1593 210//1595
f 290//1594 210//1595 289//1596
f 289//1596 210//1595 211//1597
f 289//1596 211//1597 287//1598
f 287//1598 211//1597 213//1599
f 287//1598 213//1599 285//1600
f 285//1600 213//1599 214//1601
f 285//1600 214//1601 283//1530
f 283//1530 214//1601 216//1531
s 8
f 148//1602 376//1603 154//1604
f 154//1604 376//1603 377//1605
f 154//1604 377//1605 378//1606
f 378//1606 377//1605 376//1603
f 378//1606 376//1603 379//1607
f 379//1607 376//1603 380//1608
f 379//1607 380//1608 381//1609
f 381//1609 380//1608 382//1610
f 381//1609 382//1610 383//1611
f 383//1611 382//1610 384//1612
f 383//1611 384//1612 385//1613
f 385//1613 384//1612 386//1614
f 385//1613 386//1614 387//1615
f 387//1615 386//1614 388//1616
f 387//1615 388//1616 389//1617
f 389//1617 388//1616 94//1618
f 389//1617 94//1618 390//1619
f 147//1620 382//1610 148//1602
f 148//1602 382//1610 380//1608
f 148//1602 380//1608 376//1603
f 153//1621 386//1614 147//1620
f 147//1620 386//1614 384//1612
f 147//1620 384//1612 382//1610
f 386//1614 153//1621 388//1616
f 388//1616 153//1621 94//1618
f 391//1622 392//1623 390//1619
f 390//1619 392//1623 393//1624
f 390//1619 393//1624 394//1625
f 394//1625 393//1624 395//1626
f 394//1625 395//1626 396//1627
f 396//1627 395//1626 397//1628
f 396//1627 397//1628 398//1629
f 398//1629 397//1628 399//1630
f 398//1629 399//1630 400//1631
f 400//1631 399//1630 401//1632
f 400//1631 401//1632 402//1633
f 402//1633 401//1632 403//1634
f 402//1633 403//1634 404//1635
f 404//1635 403//1634 405//1636
f 404//1635 405//1636 406//1637
f 406//1637 405//1636 407//1638
f 406//1637 407//1638 408//1639
f 408//1639 407//1638 154//1604
f 408//1639 154//1604 378//1606
f 409//1640 410//1641 391//1622
f 391//1622 410//1641 411//1642
f 391//1622 411//1642 392//1623
f 392//1623 411//1642 412//1643
f 392//1623 412//1643 413//1644
f 413//1644 412//1643 414//1645
f 413//1644 414//1645 415//1646
f 415//1646 414//1645 416//1647
f 415//1646 416//1647 417//1648
f 417//1648 416//1647 418//1649
f 417//1648 418//1649 419//1650
f 419//1650 418//1649 420//1651
f 419//1650 420//1651 421//1652
f 421//1652 420//1651 422//1653
f 421//1652 422//1653 423//1654
f 423//1654 422//1653 407//1638
f 423//1654 407//1638 405//1636
f 410//1641 409//1640 424//1655
f 424//1655 409//1640 425//1656
f 424//1655 425//1656 426//1657
f 426//1657 425//1656 427//1658
f 426//1657 427//1658 428//1659
f 428//1659 427//1658 429//1660
f 428//1659 429//1660 430//1661
f 430//1661 429//1660 431//1662
f 430//1661 431//1662 432//1663
f 432//1663 431//1662 433//1664
f 432//1663 433//1664 434//1665
f 434//1665 433//1664 435//1666
f 434//1665 435//1666 436//1667
f 436//1667 435//1666 437//1668
f 436//1667 437//1668 438//1669
f 438//1669 437//1668 367//1670
f 438//1669 367//1670 439//1671
f 439//1671 367//1670 368//1672
f 439//1671 368//1672 440//1673
f 440//1673 368//1672 441//1674
f 440//1673 441//1674 442//1675
f 442//1675 441//1674 443//1676
f 442//1675 443//1676 444//1677
f 444//1677 443//1676 445//1678
f 445//1678 443//1676 446//1679
f 446//1679 443//1676 447//1680
f 447//1680 443//1676 448//1681
f 448//1681 443//1676 441//1674
f 448//1681 441//1674 449//1682
f 449//1682 441//1674 368//1672
f 449//1682 368//1672 369//1683
f 425//1656 450//1684 427//1658
f 427//1658 450//1684 451//1685
f 427//1658 451//1685 429//1660
f 429//1660 451//1685 452//1686
f 429//1660 452//1686 431//1662
f 431//1662 452//1686 453//1687
f 431//1662 453//1687 433//1664
f 433//1664 453//1687 454//1688
f 433//1664 454//1688 435//1666
f 435//1666 454//1688 455//1689
f 435//1666 455//1689 437//1668
f 437//1668 455//1689 366//1690
f 437//1668 366//1690 367//1670
f 451//1685 450//1684 456//1691
f 456//1691 450//1684 457//1692
f 456//1691 457//1692 458//1693
f 458//1693 457//1692 459//1694
f 458//1693 459//1694 460//1695
f 460//1695 459//1694 461//1696
f 460//1695 461//1696 462//1697
f 462//1697 461//1696 186//1698
f 462//1697 186//1698 364//1699
f 462//1697 364//1699 463//1700
f 463//1700 364//1699 365//1701
f 463//1700 365//1701 464//1702
f 464//1702 365//1701 465//1703
f 464//1702 465//1703 466//1704
f 466//1704 465//1703 454//1688
f 466//1704 454//1688 453//1687
f 365//1701 366//1690 465//1703
f 465//1703 366//1690 455//1689
f 465//1703 455//1689 454//1688
f 370//1705 467//1706 369//1683
f 369//1683 467//1706 468//1707
f 369//1683 468//1707 449//1682
f 449//1682 468//1707 469//1708
f 449//1682 469//1708 470//1709
f 371//1710 471//1711 370//1705
f 370//1705 471//1711 472//1712
f 370//1705 472//1712 467//1706
f 467//1706 473//1713 468//1707
f 468//1707 473//1713 474//1714
f 468//1707 474//1714 469//1708
f 470//1709 475//1715 449//1682
f 449//1682 475//1715 448//1681
f 442//1675 444//1677 476//1716
f 476//1716 444//1677 477//1717
f 476//1716 477//1717 478//1718
f 478//1718 479//1719 476//1716
f 476//1716 479//1719 480//1720
f 476//1716 480//1720 481//1721
f 481//1721 480//1720 482//1722
f 481//1721 482//1722 483//1723
f 483//1723 482//1722 484//1724
f 483//1723 484//1724 485//1725
f 485//1725 484//1724 486//1726
f 485//1725 486//1726 487//1727
f 487//1727 486//1726 488//1728
f 487//1727 488//1728 489//1729
f 489//1729 488//1728 490//1730
f 489//1729 490//1730 491//1731
f 491//1731 490//1730 492//1732
f 491//1731 492//1732 493//1733
f 493//1733 492//1732 412//1643
f 493//1733 412//1643 411//1642
f 480//1720 494//1734 482//1722
f 482//1722 494//1734 495//1735
f 482//1722 495//1735 496//1736
f 496//1736 497//1737 482//1722
f 482//1722 497//1737 498//1738
f 482//1722 498//1738 484//1724
f 484//1724 498//1738 499//1739
f 484//1724 499//1739 500//1740
f 500//1740 499//1739 501//1741
f 500//1740 501//1741 502//1742
f 502//1742 503//1743 500//1740
f 500//1740 503//1743 504//1744
f 500//1740 504//1744 505//1745
f 505//1745 504//1744 506//1746
f 505//1745 506//1746 507//1747
f 507//1747 506//1746 508//1748
f 507//1747 508//1748 509//1749
f 509//1749 508//1748 418//1649
f 509//1749 418//1649 416//1647
f 504//1744 510//1750 506//1746
f 506//1746 510//1750 511//1751
f 506//1746 511//1751 508//1748
f 508//1748 511//1751 420//1651
f 508//1748 420//1651 418//1649
f 511//1751 510//1750 422//1653
f 422//1653 510//1750 407//1638
f 390//1619 394//1625 512//1752
f 512//1752 394//1625 396//1627
f 512//1752 396//1627 513//1753
f 513//1753 396//1627 398//1629
f 513//1753 398//1629 514//1754
f 514//1754 398//1629 400//1631
f 514//1754 400//1631 515//1755
f 515//1755 400//1631 402//1633
f 515//1755 402//1633 516//1756
f 516//1756 402//1633 404//1635
f 516//1756 404//1635 517//1757
f 517//1757 404//1635 406//1637
f 517//1757 406//1637 408//1639
f 392//1623 413//1644 393//1624
f 393//1624 413//1644 395//1626
f 413//1644 415//1646 395//1626
f 395//1626 415//1646 397//1628
f 415//1646 417//1648 397//1628
f 397//1628 417//1648 399//1630
f 417//1648 419//1650 399//1630
f 399//1630 419//1650 401//1632
f 423//1654 405//1636 403//1634
f 419//1650 421//1652 401//1632
f 401//1632 421//1652 403//1634
f 421//1652 423//1654 403//1634
f 390//1619 512//1752 389//1617
f 389//1617 512//1752 513//1753
f 389//1617 513//1753 387//1615
f 387//1615 513//1753 514//1754
f 387//1615 514//1754 385//1613
f 385//1613 514//1754 515//1755
f 385//1613 515//1755 383//1611
f 383//1611 515//1755 516//1756
f 383//1611 516//1756 381//1609
f 381//1609 516//1756 517//1757
f 381//1609 517//1757 379//1607
f 379//1607 517//1757 408//1639
f 379//1607 408//1639 378//1606
f 412//1643 492//1732 414//1645
f 414//1645 492//1732 518//1758
f 414//1645 518//1758 416//1647
f 416//1647 518//1758 509//1749
f 511//1751 422//1653 420//1651
f 424//1655 519//1759 410//1641
f 410//1641 519//1759 493//1733
f 410//1641 493//1733 411//1642
f 493//1733 519//1759 491//1731
f 491//1731 519//1759 520//1760
f 491//1731 520//1760 489//1729
f 489//1729 520//1760 521//1761
f 489//1729 521//1761 487//1727
f 487//1727 521//1761 522//1762
f 487//1727 522//1762 485//1725
f 485//1725 522//1762 523//1763
f 485//1725 523//1763 483//1723
f 483//1723 523//1763 524//1764
f 483//1723 524//1764 481//1721
f 481//1721 524//1764 525//1765
f 481//1721 525//1765 442//1675
f 442//1675 525//1765 440//1673
f 519//1759 424//1655 526//1766
f 526//1766 424//1655 426//1657
f 526//1766 426//1657 428//1659
f 518//1758 492//1732 490//1730
f 509//1749 518//1758 527//1767
f 527//1767 518//1758 490//1730
f 527//1767 490//1730 488//1728
f 509//1749 527//1767 507//1747
f 507//1747 527//1767 528//1768
f 507//1747 528//1768 505//1745
f 505//1745 528//1768 500//1740
f 528//1768 527//1767 488//1728
f 428//1659 529//1769 526//1766
f 526//1766 529//1769 520//1760
f 526//1766 520//1760 519//1759
f 520//1760 529//1769 521//1761
f 521//1761 529//1769 530//1770
f 521//1761 530//1770 522//1762
f 522//1762 530//1770 531//1771
f 522//1762 531//1771 523//1763
f 523//1763 531//1771 532//1772
f 523//1763 532//1772 524//1764
f 524//1764 532//1772 533//1773
f 524//1764 533//1773 525//1765
f 525//1765 533//1773 439//1671
f 525//1765 439//1671 440//1673
f 530//1770 529//1769 430//1661
f 430//1661 529//1769 428//1659
f 528//1768 488//1728 486//1726
f 484//1724 500//1740 486//1726
f 486//1726 500//1740 528//1768
f 451//1685 456//1691 452//1686
f 452//1686 456//1691 534//1774
f 452//1686 534//1774 453//1687
f 453//1687 534//1774 466//1704
f 530//1770 430//1661 432//1663
f 530//1770 432//1663 531//1771
f 531//1771 432//1663 434//1665
f 531//1771 434//1665 532//1772
f 532//1772 434//1665 436//1667
f 532//1772 436//1667 533//1773
f 533//1773 436//1667 438//1669
f 533//1773 438//1669 439//1671
f 456//1691 458//1693 534//1774
f 534//1774 458//1693 535//1775
f 534//1774 535//1775 466//1704
f 466//1704 535//1775 464//1702
f 442//1675 476//1716 481//1721
f 458//1693 460//1695 535//1775
f 535//1775 460//1695 463//1700
f 535//1775 463//1700 464//1702
f 462//1697 463//1700 460//1695
s off
f 122//1776 407//1777 121//1778
f 121//1779 407//1780 510//1781
f 121//1782 510//1783 504//1784
f 122//1785 154//1786 407//1787
f 134//1788 121//1789 536//1790
f 536//1791 121//1792 537//1793
f 537//1794 121//1795 538//1796
f 538//1797 121//1798 504//1799
f 538//1800 504//1801 539//1802
f 539//1803 504//1804 540//1805
f 540//1806 504//1807 541//1808
f 541//1809 504//1810 542//1811
s 13
f 542//1812 504//1813 445//1814
s off
f 542//1815 445//1816 543//1817
f 543//1818 445//1819 544//1820
f 544//1821 445//1822 545//1823
f 545//1824 445//1825 546//1826
f 546//1827 445//1828 547//1829
f 547//1830 445//1831 548//1832
f 548//1833 445//1834 549//1835
f 549//1836 445//1837 550//1838
f 550//1839 445//1840 551//1841
f 551//1842 445//1843 552//1844
f 552//1845 445//1846 553//1847
f 553//1848 445//1849 554//1850
f 554//1851 445//1852 555//1853
f 555//1854 445//1855 556//1856
s 14
f 556//1857 445//1858 375//1859
f 556//1857 375//1859 557//1860
f 557//1860 375//1859 558//1861
f 558//1861 375//1859 559//1862
f 559//1862 375//1859 560//1863
f 560//1863 375//1859 561//1864
f 561//1864 375//1859 562//1865
s 13
f 503//1866 502//1867 504//1813
f 504//1813 502//1867 501//1868
f 504//1813 501//1868 499//1869
f 499//1869 498//1870 504//1813
f 504//1813 498//1870 497//1871
f 504//1813 497//1871 496//1872
f 496//1872 495//1873 504//1813
f 504//1813 495//1873 494//1874
f 504//1813 494//1874 480//1875
f 480//1875 479//1876 504//1813
f 504//1813 479//1876 478//1877
f 504//1813 478//1877 477//1878
f 477//1878 444//1879 504//1813
f 504//1813 444//1879 445//1814
s off
f 445//1880 446//1881 375//1882
f 375//1883 446//1884 447//1885
f 375//1886 447//1887 448//1888
f 448//1889 475//1890 375//1891
f 375//1892 475//1893 470//1894
f 375//1895 470//1896 469//1897
f 469//1898 474//1899 375//1900
f 375//1901 474//1902 473//1903
f 375//1904 473//1905 467//1906
f 375//1907 467//1908 371//1909
f 371//1910 467//1911 472//1912
f 371//1913 472//1914 471//1915
f 260//1916 262//1917 371//1918
f 371//1919 262//1920 375//1921
f 113//1922 128//1923 115//1924
f 115//1925 128//1926 144//1927
f 115//1928 144//1929 136//1930
f 128//1931 130//1932 144//1933
f 144//1934 130//1935 140//1936
f 130//1937 129//1938 140//1939
f 140//1940 129//1941 138//1942
f 129//1943 127//1944 138//1945
f 138//1946 127//1947 149//1948
f 138//1949 149//1950 145//1951
f 127//1952 126//1953 149//1954
f 149//1955 126//1956 152//1957
f 126//1958 125//1959 152//1960
f 152//1961 125//1962 150//1963
f 125//1964 124//1965 150//1966
f 150//1967 124//1968 151//1969
f 124//1970 96//1971 151//1972
f 151//1973 96//1974 95//1975
f 119//1976 409//1977 99//1978
f 99//1979 409//1980 391//1981
f 99//1982 391//1983 390//1984
f 409//1985 119//1986 425//1987
f 425//1988 119//1989 563//1990
f 425//1991 563//1992 450//1993
f 450//1994 563//1995 564//1996
f 450//1997 564//1998 457//1999
f 457//2000 564//2001 565//2002
f 457//2003 565//2004 459//2005
f 459//2006 565//2007 566//2008
f 459//2009 566//2010 461//2011
f 461//2012 566//2013 182//2014
f 461//2015 182//2016 186//2017
f 390//2018 94//2019 99//2020
s 16
f 120//2021 567//2022 119//2023
f 119//2023 567//2022 568//2024
f 119//2023 568//2024 569//2025
f 569//2025 568//2024 570//2026
f 569//2025 570//2026 119//2023
f 119//2023 570//2026 563//2027
f 563//2027 570//2026 571//2028
f 563//2027 571//2028 572//2029
f 572//2029 571//2028 573//2030
f 572//2029 573//2030 574//2031
f 574//2031 573//2030 575//2032
f 574//2031 575//2032 576//2033
f 576//2033 575//2032 577//2034
f 576//2033 577//2034 578//2035
f 578//2035 577//2034 579//2036
f 578//2035 579//2036 580//2037
f 580//2037 579//2036 581//2038
f 580//2037 581//2038 582//2039
f 582//2039 581//2038 583//2040
f 582//2039 583//2040 584//2041
f 584//2041 583//2040 585//2042
f 584//2041 585//2042 586//2043
f 586//2043 585//2042 587//2044
f 586//2043 587//2044 588//2045
f 588//2045 587//2044 589//2046
f 588//2045 589//2046 590//2047
f 590//2047 589//2046 538//2048
f 590//2047 538//2048 591//2049
f 591//2049 538//2048 539//2050
f 591//2049 539//2050 592//2051
f 592//2051 539//2050 540//2052
f 592//2051 540//2052 541//2053
f 134//2054 593//2055 120//2021
f 120//2021 593//2055 594//2056
f 120//2021 594//2056 595//2057
f 595//2057 594//2056 596//2058
f 595//2057 596//2058 597//2059
f 597//2059 596//2058 581//2038
f 597//2059 581//2038 579//2036
f 593//2055 134//2054 598//2060
f 598//2060 134//2054 536//2061
f 598//2060 536//2061 599//2062
f 599//2062 536//2061 537//2063
f 599//2062 537//2063 589//2046
f 589//2046 537//2063 538//2048
f 592//2051 541//2053 600//2064
f 600//2064 541//2053 542//2065
f 600//2064 542//2065 601//2066
f 601//2066 542//2065 543//2067
f 601//2066 543//2067 602//2068
f 602//2068 543//2067 603//2069
f 602//2068 603//2069 604//2070
f 604//2070 603//2069 605//2071
f 604//2070 605//2071 606//2072
f 606//2072 605//2071 607//2073
f 606//2072 607//2073 608//2074
f 608//2074 607//2073 609//2075
f 608//2074 609//2075 610//2076
f 610//2076 609//2075 611//2077
f 610//2076 611//2077 612//2078
f 612//2078 611//2077 613//2079
f 612//2078 613//2079 614//2080
f 614//2080 613//2079 615//2081
f 614//2080 615//2081 616//2082
f 616//2082 615//2081 617//2083
f 616//2082 617//2083 618//2084
f 618//2084 617//2083 619//2085
f 618//2084 619//2085 373//2086
f 373//2086 619//2085 620//2087
f 373//2086 620//2087 374//2088
f 374//2088 620//2087 621//2089
f 374//2088 621//2089 622//2090
f 622//2090 621//2089 623//2091
f 622//2090 623//2091 560//2092
f 560//2092 623//2091 559//2093
f 559//2093 623//2091 558//2094
f 558//2094 623//2091 557//2095
f 557//2095 623//2091 624//2096
f 557//2095 624//2096 625//2097
f 625//2097 624//2096 626//2098
f 625//2097 626//2098 627//2099
f 627//2099 626//2098 617//2083
f 627//2099 617//2083 615//2081
f 543//2067 544//2100 603//2069
f 603//2069 544//2100 605//2071
f 544//2100 545//2101 605//2071
f 605//2071 545//2101 546//2102
f 605//2071 546//2102 607//2073
f 607//2073 546//2102 547//2103
f 607//2073 547//2103 628//2104
f 628//2104 547//2103 548//2105
f 628//2104 548//2105 629//2106
f 629//2106 548//2105 549//2107
f 629//2106 549//2107 550//2108
f 629//2106 550//2108 630//2109
f 630//2109 550//2108 551//2110
f 630//2109 551//2110 552//2111
f 630//2109 552//2111 631//2112
f 631//2112 552//2111 553//2113
f 631//2112 553//2113 632//2114
f 632//2114 553//2113 554//2115
f 632//2114 554//2115 625//2097
f 625//2097 554//2115 555//2116
f 625//2097 555//2116 556//2117
f 556//2117 557//2095 625//2097
f 560//2092 561//2118 622//2090
f 622//2090 561//2118 562//2119
f 622//2090 562//2119 374//2088
f 374//2088 562//2119 375//2120
f 372//2121 633//2122 373//2086
f 373//2086 633//2122 634//2123
f 373//2086 634//2123 618//2084
f 618//2084 634//2123 616//2082
f 182//2124 635//2125 372//2121
f 372//2121 635//2125 636//2126
f 372//2121 636//2126 637//2127
f 637//2127 636//2126 638//2128
f 637//2127 638//2128 639//2129
f 639//2129 638//2128 640//2130
f 639//2129 640//2130 641//2131
f 641//2131 640//2130 642//2132
f 641//2131 642//2132 643//2133
f 643//2133 642//2132 644//2134
f 643//2133 644//2134 645//2135
f 645//2135 644//2134 646//2136
f 645//2135 646//2136 647//2137
f 647//2137 646//2136 648//2138
f 647//2137 648//2138 606//2072
f 606//2072 648//2138 604//2070
f 566//2139 649//2140 182//2124
f 182//2124 649//2140 650//2141
f 182//2124 650//2141 635//2125
f 635//2125 650//2141 651//2142
f 635//2125 651//2142 652//2143
f 652//2143 651//2142 653//2144
f 652//2143 653//2144 654//2145
f 654//2145 653//2144 655//2146
f 654//2145 655//2146 656//2147
f 656//2147 655//2146 657//2148
f 656//2147 657//2148 658//2149
f 658//2149 657//2148 659//2150
f 658//2149 659//2150 660//2151
f 660//2151 659//2150 661//2152
f 660//2151 661//2152 662//2153
f 662//2153 661//2152 663//2154
f 662//2153 663//2154 664//2155
f 664//2155 663//2154 665//2156
f 664//2155 665//2156 602//2068
f 602//2068 665//2156 601//2066
f 565//2157 666//2158 566//2139
f 566//2139 666//2158 667//2159
f 566//2139 667//2159 649//2140
f 649//2140 667//2159 668//2160
f 649//2140 668//2160 650//2141
f 650//2141 668//2160 651//2142
f 564//2161 669//2162 565//2157
f 565//2157 669//2162 670//2163
f 565//2157 670//2163 671//2164
f 671//2164 670//2163 672//2165
f 671//2164 672//2165 673//2166
f 673//2166 672//2165 674//2167
f 673//2166 674//2167 675//2168
f 675//2168 674//2167 676//2169
f 675//2168 676//2169 677//2170
f 677//2170 676//2169 678//2171
f 677//2170 678//2171 655//2146
f 655//2146 678//2171 657//2148
f 563//2027 679//2172 564//2161
f 564//2161 679//2172 680//2173
f 564//2161 680//2173 681//2174
f 681//2174 680//2173 682//2175
f 681//2174 682//2175 683//2176
f 683//2176 682//2175 684//2177
f 683//2176 684//2177 685//2178
f 685//2178 684//2177 686//2179
f 685//2178 686//2179 687//2180
f 687//2180 686//2179 688//2181
f 687//2180 688//2181 689//2182
f 689//2182 688//2181 690//2183
f 689//2182 690//2183 691//2184
f 691//2184 690//2183 692//2185
f 691//2184 692//2185 693//2186
f 693//2186 692//2185 694//2187
f 693//2186 694//2187 695//2188
f 695//2188 694//2187 696//2189
f 695//2188 696//2189 663//2154
f 663//2154 696//2189 665//2156
f 563//2027 572//2029 697//2190
f 697//2190 572//2029 574//2031
f 697//2190 574//2031 698//2191
f 698//2191 574//2031 576//2033
f 698//2191 576//2033 699//2192
f 699//2192 576//2033 578//2035
f 699//2192 578//2035 700//2193
f 700//2193 578//2035 580//2037
f 700//2193 580//2037 701//2194
f 701//2194 580//2037 582//2039
f 701//2194 582//2039 702//2195
f 702//2195 582//2039 584//2041
f 702//2195 584//2041 703//2196
f 703//2196 584//2041 586//2043
f 703//2196 586//2043 704//2197
f 704//2197 586//2043 588//2045
f 704//2197 588//2045 705//2198
f 705//2198 588//2045 590//2047
f 705//2198 590//2047 706//2199
f 706//2199 590//2047 591//2049
f 706//2199 591//2049 592//2051
f 563//2027 697//2190 707//2200
f 707//2200 697//2190 698//2191
f 707//2200 698//2191 708//2201
f 708//2201 698//2191 699//2192
f 708//2201 699//2192 709//2202
f 709//2202 699//2192 700//2193
f 709//2202 700//2193 710//2203
f 710//2203 700//2193 701//2194
f 710//2203 701//2194 711//2204
f 711//2204 701//2194 702//2195
f 711//2204 702//2195 712//2205
f 712//2205 702//2195 703//2196
f 712//2205 703//2196 713//2206
f 713//2206 703//2196 704//2197
f 713//2206 704//2197 714//2207
f 714//2207 704//2197 705//2198
f 714//2207 705//2198 715//2208
f 715//2208 705//2198 706//2199
f 715//2208 706//2199 716//2209
f 716//2209 706//2199 592//2051
f 716//2209 592//2051 600//2064
f 564//2161 681//2174 717//2210
f 717//2210 681//2174 683//2176
f 717//2210 683//2176 718//2211
f 718//2211 683//2176 685//2178
f 718//2211 685//2178 719//2212
f 719//2212 685//2178 687//2180
f 719//2212 687//2180 720//2213
f 720//2213 687//2180 689//2182
f 720//2213 689//2182 721//2214
f 721//2214 689//2182 691//2184
f 721//2214 691//2184 722//2215
f 722//2215 691//2184 693//2186
f 722//2215 693//2186 723//2216
f 723//2216 693//2186 695//2188
f 723//2216 695//2188 661//2152
f 661//2152 695//2188 663//2154
f 564//2161 717//2210 669//2162
f 669//2162 717//2210 718//2211
f 669//2162 718//2211 724//2217
f 724//2217 718//2211 719//2212
f 724//2217 719//2212 725//2218
f 725//2218 719//2212 720//2213
f 725//2218 720//2213 726//2219
f 726//2219 720//2213 721//2214
f 726//2219 721//2214 727//2220
f 727//2220 721//2214 722//2215
f 727//2220 722//2215 728//2221
f 728//2221 722//2215 723//2216
f 728//2221 723//2216 659//2150
f 659//2150 723//2216 661//2152
f 565//2157 671//2164 666//2158
f 666//2158 671//2164 673//2166
f 666//2158 673//2166 729//2222
f 729//2222 673//2166 675//2168
f 729//2222 675//2168 730//2223
f 730//2223 675//2168 677//2170
f 730//2223 677//2170 653//2144
f 653//2144 677//2170 655//2146
f 593//2055 598//2060 731//2224
f 731//2224 598//2060 599//2062
f 731//2224 599//2062 587//2044
f 587//2044 599//2062 589//2046
f 594//2056 593//2055 732//2225
f 732//2225 593//2055 731//2224
f 732//2225 731//2224 585//2042
f 585//2042 731//2224 587//2044
f 595//2057 733//2226 120//2021
f 120//2021 733//2226 734//2227
f 120//2021 734//2227 735//2228
f 735//2228 734//2227 736//2229
f 735//2228 736//2229 737//2230
f 737//2230 736//2229 575//2032
f 737//2230 575//2032 573//2030
f 595//2057 597//2059 733//2226
f 733//2226 597//2059 738//2231
f 733//2226 738//2231 734//2227
f 734//2227 738//2231 736//2229
f 567//2022 120//2021 735//2228
f 735//2228 737//2230 567//2022
f 567//2022 737//2230 739//2232
f 567//2022 739//2232 568//2024
f 568//2024 739//2232 570//2026
f 594//2056 732//2225 596//2058
f 596//2058 732//2225 583//2040
f 596//2058 583//2040 581//2038
f 583//2040 732//2225 585//2042
f 597//2059 579//2036 738//2231
f 738//2231 579//2036 577//2034
f 738//2231 577//2034 736//2229
f 736//2229 577//2034 575//2032
f 571//2028 570//2026 739//2232
f 571//2028 739//2232 573//2030
f 573//2030 739//2232 737//2230
f 563//2027 707//2200 679//2172
f 679//2172 707//2200 708//2201
f 679//2172 708//2201 740//2233
f 740//2233 708//2201 709//2202
f 740//2233 709//2202 741//2234
f 741//2234 709//2202 710//2203
f 741//2234 710//2203 742//2235
f 742//2235 710//2203 711//2204
f 742//2235 711//2204 743//2236
f 743//2236 711//2204 712//2205
f 743//2236 712//2205 744//2237
f 744//2237 712//2205 713//2206
f 744//2237 713//2206 745//2238
f 745//2238 713//2206 714//2207
f 745//2238 714//2207 746//2239
f 746//2239 714//2207 715//2208
f 746//2239 715//2208 747//2240
f 747//2240 715//2208 716//2209
f 747//2240 716//2209 748//2241
f 748//2241 716//2209 600//2064
f 748//2241 600//2064 601//2066
f 748//2241 601//2066 665//2156
f 664//2155 602//2068 604//2070
f 747//2240 748//2241 696//2189
f 696//2189 748//2241 665//2156
f 746//2239 747//2240 694//2187
f 694//2187 747//2240 696//2189
f 745//2238 746//2239 692//2185
f 692//2185 746//2239 694//2187
f 744//2237 745//2238 690//2183
f 690//2183 745//2238 692//2185
f 743//2236 744//2237 688//2181
f 688//2181 744//2237 690//2183
f 742//2235 743//2236 686//2179
f 686//2179 743//2236 688//2181
f 741//2234 742//2235 684//2177
f 684//2177 742//2235 686//2179
f 740//2233 741//2234 682//2175
f 682//2175 741//2234 684//2177
f 679//2172 740//2233 680//2173
f 680//2173 740//2233 682//2175
f 662//2153 664//2155 648//2138
f 648//2138 664//2155 604//2070
f 609//2075 607//2073 628//2104
f 647//2137 606//2072 608//2074
f 660//2151 662//2153 646//2136
f 646//2136 662//2153 648//2138
f 611//2077 609//2075 629//2106
f 629//2106 609//2075 628//2104
f 647//2137 608//2074 749//2242
f 749//2242 608//2074 610//2076
f 749//2242 610//2076 750//2243
f 750//2243 610//2076 612//2078
f 750//2243 612//2078 751//2244
f 751//2244 612//2078 614//2080
f 751//2244 614//2080 752//2245
f 752//2245 614//2080 616//2082
f 752//2245 616//2082 634//2123
f 658//2149 660//2151 644//2134
f 644//2134 660//2151 646//2136
f 659//2150 657//2148 728//2221
f 728//2221 657//2148 678//2171
f 728//2221 678//2171 727//2220
f 727//2220 678//2171 676//2169
f 727//2220 676//2169 726//2219
f 726//2219 676//2169 674//2167
f 726//2219 674//2167 725//2218
f 725//2218 674//2167 672//2165
f 725//2218 672//2165 724//2217
f 724//2217 672//2165 670//2163
f 724//2217 670//2163 669//2162
f 613//2079 611//2077 630//2109
f 630//2109 611//2077 629//2106
f 647//2137 749//2242 645//2135
f 645//2135 749//2242 753//2246
f 645//2135 753//2246 643//2133
f 643//2133 753//2246 754//2247
f 643//2133 754//2247 641//2131
f 641//2131 754//2247 755//2248
f 641//2131 755//2248 639//2129
f 639//2129 755//2248 756//2249
f 639//2129 756//2249 637//2127
f 637//2127 756//2249 372//2121
f 753//2246 749//2242 750//2243
f 656//2147 658//2149 642//2132
f 642//2132 658//2149 644//2134
f 615//2081 613//2079 631//2112
f 631//2112 613//2079 630//2109
f 625//2097 627//2099 632//2114
f 632//2114 627//2099 631//2112
f 627//2099 615//2081 631//2112
f 753//2246 750//2243 757//2250
f 757//2250 750//2243 751//2244
f 757//2250 751//2244 758//2251
f 758//2251 751//2244 752//2245
f 758//2251 752//2245 633//2122
f 633//2122 752//2245 634//2123
f 654//2145 656//2147 640//2130
f 640//2130 656//2147 642//2132
f 753//2246 757//2250 754//2247
f 754//2247 757//2250 759//2252
f 754//2247 759//2252 755//2248
f 755//2248 759//2252 760//2253
f 755//2248 760//2253 756//2249
f 756//2249 760//2253 372//2121
f 759//2252 757//2250 758//2251
f 652//2143 654//2145 638//2128
f 638//2128 654//2145 640//2130
f 653//2144 651//2142 730//2223
f 730//2223 651//2142 668//2160
f 730//2223 668//2160 729//2222
f 729//2222 668//2160 667//2159
f 729//2222 667//2159 666//2158
f 623//2091 621//2089 624//2096
f 624//2096 621//2089 620//2087
f 624//2096 620//2087 626//2098
f 626//2098 620//2087 619//2085
f 626//2098 619//2085 617//2083
f 759//2252 758//2251 761//2254
f 761//2254 758//2251 633//2122
f 761//2254 633//2122 372//2121
f 635//2125 652//2143 636//2126
f 636//2126 652//2143 638//2128
f 372//2121 760//2253 761//2254
f 761//2254 760//2253 759//2252
s 24
f 762//2255 763//2256 764//2257
f 764//2257 763//2256 765//2258
f 764//2257 765//2258 766//2259
f 766//2259 765//2258 767//2260
f 766//2259 767//2260 768//2261
s off
f 769//2262 770//2263 771//2264
f 771//2265 770//2266 772//2267
f 771//2268 772//2269 773//2270
f 774//2271 775//2272 770//2273
f 770//2274 775//2275 776//2276
f 770//2277 776//2278 772//2279
f 777//2280 778//2281 774//2282
f 774//2283 778//2284 779//2285
f 774//2286 779//2287 780//2288
f 778//2289 781//2290 779//2291
f 779//2292 781//2293 782//2294
f 782//2295 781//2296 783//2297
f 780//2298 775//2299 774//2300
f 784//2301 785//2302 773//2303
f 773//2304 785//2305 786//2306
f 773//2307 786//2308 787//2309
f 788//2310 789//2311 784//2312
f 784//2313 789//2314 790//2315
f 784//2316 790//2317 791//2318
f 792//2319 793//2320 788//2321
f 788//2322 793//2323 794//2324
f 788//2325 794//2326 795//2327
f 796//2328 797//2329 792//2330
f 792//2331 797//2332 773//2333
f 792//2334 773//2335 798//2336
f 798//2337 773//2338 799//2339
f 799//2340 773//2341 800//2342
f 800//2343 773//2344 801//2345
f 801//2346 773//2347 802//2348
f 802//2349 773//2350 803//2351
f 803//2352 773//2353 804//2354
f 804//2355 773//2356 805//2357
f 805//2358 773//2359 787//2360
f 797//2361 796//2362 806//2363
f 806//2364 796//2365 764//2366
f 806//2367 764//2368 807//2369
f 807//2370 764//2371 766//2372
f 806//2373 807//2374 808//2375
f 808//2376 807//2377 809//2378
f 808//2379 809//2380 810//2381
f 810//2382 809//2383 811//2384
f 811//2385 809//2386 812//2387
f 811//2388 812//2389 813//2390
f 813//2391 814//2392 811//2393
f 810//2394 815//2395 808//2396
f 806//2397 816//2398 797//2399
f 797//2400 771//2401 773//2402
f 817//2403 818//2404 792//2405
f 792//2406 818//2407 819//2408
f 792//2409 819//2410 820//2411
f 820//2412 821//2413 792//2414
f 792//2415 821//2416 793//2417
f 795//2418 822//2419 788//2420
f 788//2421 822//2422 823//2423
f 788//2424 823//2425 824//2426
f 824//2427 825//2428 788//2429
f 788//2430 825//2431 826//2432
f 788//2433 826//2434 827//2435
f 827//2436 789//2437 788//2438
f 791//2439 828//2440 784//2441
f 784//2442 828//2443 829//2444
f 784//2445 829//2446 830//2447
f 830//2448 831//2449 784//2450
f 784//2451 831//2452 832//2453
f 784//2454 832//2455 833//2456
f 833//2457 834//2458 784//2459
f 784//2460 834//2461 835//2462
f 784//2463 835//2464 836//2465
f 836//2466 837//2467 784//2468
f 784//2469 837//2470 785//2471
f 798//2472 838//2473 792//2474
f 792//2475 838//2476 839//2477
f 792//2478 839//2479 840//2480
f 840//2481 841//2482 792//2483
f 792//2484 841//2485 842//2486
f 792//2487 842//2488 843//2489
f 843//2490 844//2491 792//2492
f 792//2493 844//2494 817//2495
f 808//2496 815//2497 845//2498
f 845//2499 815//2500 846//2501
f 806//2502 808//2503 847//2504
f 847//2505 808//2506 845//2507
f 816//2508 806//2509 848//2510
f 848//2511 806//2512 847//2513
f 849//2514 850//2515 851//2516
f 851//2517 850//2518 852//2519
f 853//2520 854//2521 855//2522
f 855//2523 854//2524 856//2525
f 855//2526 856//2527 857//2528
f 857//2529 856//2530 858//2531
f 858//2532 856//2533 859//2534
f 859//2535 856//2536 851//2537
f 859//2538 851//2539 860//2540
f 860//2541 851//2542 852//2543
f 860//2544 852//2545 861//2546
f 854//2547 853//2548 862//2549
f 862//2550 853//2551 863//2552
f 862//2553 863//2554 864//2555
f 862//2556 864//2557 861//2558
f 861//2559 864//2560 865//2561
f 861//2562 865//2563 866//2564
f 866//2565 860//2566 861//2567
f 861//2568 867//2569 862//2570
f 854//2571 868//2572 856//2573
f 869//2574 870//2575 868//2576
f 868//2577 870//2578 856//2579
f 870//2580 849//2581 856//2582
f 856//2583 849//2584 851//2585
f 850//2586 871//2587 852//2588
f 852//2589 871//2590 861//2591
f 871//2592 872//2593 861//2594
f 861//2595 872//2596 867//2597
f 872//2598 873//2599 867//2600
f 867//2601 873//2602 862//2603
f 873//2604 874//2605 862//2606
f 862//2607 874//2608 854//2609
f 874//2610 869//2611 854//2612
f 854//2613 869//2614 868//2615
f 777//2616 774//2617 875//2618
f 875//2619 774//2620 876//2621
f 774//2622 770//2623 876//2624
f 876//2625 770//2626 877//2627
f 770//2628 769//2629 877//2630
f 877//2631 769//2632 878//2633
f 875//2634 876//2635 878//2636
f 878//2637 876//2638 877//2639
f 845//2640 846//2641 847//2642
f 847//2643 846//2644 848//2645
f 879//2646 880//2647 881//2648
f 881//2649 880//2650 788//2651
f 881//2652 788//2653 784//2654
f 881//2655 784//2656 882//2657
f 882//2658 784//2659 883//2660
f 882//2661 883//2662 884//2663
f 880//2664 879//2665 885//2666
f 885//2667 879//2668 886//2669
f 788//2670 880//2671 792//2672
f 792//2673 880//2674 885//2675
f 784//2676 773//2677 883//2678
f 883//2679 773//2680 887//2681
s 25
f 817//2682 888//2683 818//2684
f 818//2684 888//2683 889//2685
f 818//2684 889//2685 819//2686
f 819//2686 889//2685 890//2687
f 819//2686 890//2687 820//2688
f 820//2688 890//2687 891//2689
f 820//2688 891//2689 821//2690
f 821//2690 891//2689 892//2691
f 821//2690 892//2691 793//2692
f 793//2692 892//2691 893//2693
f 793//2692 893//2693 794//2694
f 794//2694 893//2693 894//2695
f 794//2694 894//2695 795//2696
f 795//2696 894//2695 895//2697
f 795//2696 895//2697 822//2698
f 822//2698 895//2697 896//2699
f 822//2698 896//2699 823//2700
f 823//2700 896//2699 897//2701
f 823//2700 897//2701 824//2702
f 824//2702 897//2701 898//2703
f 824//2702 898//2703 825//2704
f 825//2704 898//2703 899//2705
f 825//2704 899//2705 826//2706
f 826//2706 899//2705 900//2707
f 826//2706 900//2707 827//2708
f 827//2708 900//2707 901//2709
f 827//2708 901//2709 789//2710
f 789//2710 901//2709 902//2711
f 789//2710 902//2711 790//2712
f 790//2712 902//2711 903//2713
f 790//2712 903//2713 791//2714
f 791//2714 903//2713 904//2715
f 791//2714 904//2715 828//2716
f 828//2716 904//2715 905//2717
f 828//2716 905//2717 829//2718
f 829//2718 905//2717 906//2719
f 829//2718 906//2719 830//2720
f 830//2720 906//2719 907//2721
f 830//2720 907//2721 831//2722
f 831//2722 907//2721 908//2723
f 831//2722 908//2723 832//2724
f 832//2724 908//2723 909//2725
f 832//2724 909//2725 833//2726
f 833//2726 909//2725 910//2727
f 833//2726 910//2727 834//2728
f 834//2728 910//2727 911//2729
f 834//2728 911//2729 835//2730
f 835//2730 911//2729 912//2731
f 835//2730 912//2731 836//2732
f 836//2732 912//2731 913//2733
f 836//2732 913//2733 837//2734
f 837//2734 913//2733 914//2735
f 837//2734 914//2735 785//2736
f 785//2736 914//2735 915//2737
f 785//2736 915//2737 786//2738
f 786//2738 915//2737 916//2739
f 786//2738 916//2739 787//2740
f 787//2740 916//2739 917//2741
f 787//2740 917//2741 805//2742
f 805//2742 917//2741 918//2743
f 805//2742 918//2743 804//2744
f 804//2744 918//2743 919//2745
f 804//2744 919//2745 803//2746
f 803//2746 919//2745 920//2747
f 803//2746 920//2747 802//2748
f 802//2748 920//2747 921//2749
f 802//2748 921//2749 801//2750
f 801//2750 921//2749 922//2751
f 801//2750 922//2751 800//2752
f 800//2752 922//2751 923//2753
f 800//2752 923//2753 799//2754
f 799//2754 923//2753 924//2755
f 799//2754 924//2755 798//2756
f 798//2756 924//2755 925//2757
f 798//2756 925//2757 838//2758
f 838//2758 925//2757 926//2759
f 838//2758 926//2759 839//2760
f 839//2760 926//2759 927//2761
f 839//2760 927//2761 840//2762
f 840//2762 927//2761 928//2763
f 840//2762 928//2763 841//2764
f 841//2764 928//2763 929//2765
f 841//2764 929//2765 842//2766
f 842//2766 929//2765 930//2767
f 842//2766 930//2767 843//2768
f 843//2768 930//2767 931//2769
f 843//2768 931//2769 844//2770
f 844//2770 931//2769 932//2771
f 844//2770 932//2771 817//2682
f 817//2682 932//2771 888//2683
s off
f 881//2772 933//2773 879//2774
f 879//2775 933//2776 886//2777
f 882//2778 903//2779 881//2780
f 881//2781 903//2782 902//2783
f 881//2784 902//2785 901//2786
f 934//2787 914//2788 882//2789
f 882//2790 914//2791 913//2792
f 882//2793 913//2794 912//2795
f 933//2796 925//2797 934//2798
f 934//2799 925//2800 924//2801
f 934//2802 924//2803 923//2804
f 881//2805 892//2806 933//2807
f 933//2808 892//2809 891//2810
f 933//2811 891//2812 890//2813
f 890//2814 889//2815 933//2816
f 933//2817 889//2818 888//2819
f 933//2820 888//2821 932//2822
f 932//2823 931//2824 933//2825
f 933//2826 931//2827 930//2828
f 933//2829 930//2830 929//2831
f 929//2832 928//2833 933//2834
f 933//2835 928//2836 927//2837
f 933//2838 927//2839 926//2840
f 926//2841 925//2842 933//2843
f 923//2844 922//2845 934//2846
f 934//2847 922//2848 921//2849
f 934//2850 921//2851 920//2852
f 920//2853 919//2854 934//2855
f 934//2856 919//2857 918//2858
f 934//2859 918//2860 917//2861
f 917//2862 916//2863 934//2864
f 934//2865 916//2866 915//2867
f 934//2868 915//2869 914//2870
f 912//2871 911//2872 882//2873
f 882//2874 911//2875 910//2876
f 882//2877 910//2878 909//2879
f 909//2880 908//2881 882//2882
f 882//2883 908//2884 907//2885
f 882//2886 907//2887 906//2888
f 906//2889 905//2890 882//2891
f 882//2892 905//2893 904//2894
f 882//2895 904//2896 903//2897
f 901//2898 900//2899 881//2900
f 881//2901 900//2902 899//2903
f 881//2904 899//2905 898//2906
f 898//2907 897//2908 881//2909
f 881//2910 897//2911 896//2912
f 881//2913 896//2914 895//2915
f 895//2916 894//2917 881//2918
f 881//2919 894//2920 893//2921
f 881//2922 893//2923 892//2924
f 884//2925 883//2926 935//2927
f 935//2928 883//2929 887//2930
f 882//2931 884//2932 934//2933
f 934//2934 884//2935 935//2936
f 936//2937 807//2938 937//2939
f 937//2940 807//2941 768//2942
f 768//2943 807//2944 766//2945
f 938//2946 809//2947 939//2948
f 939//2949 809//2950 940//2951
f 940//2952 809//2953 941//2954
f 941//2955 809//2956 807//2957
f 941//2958 807//2959 936//2960
f 812//2961 809//2962 942//2963
f 942//2964 809//2965 938//2966
f 813//2967 812//2968 853//2969
f 853//2970 812//2971 942//2972
f 853//2973 942//2974 943//2975
f 814//2976 813//2977 855//2978
f 855//2979 813//2980 853//2981
f 811//2982 814//2983 857//2984
f 857//2985 814//2986 855//2987
f 810//2988 811//2989 858//2990
f 858//2991 811//2992 857//2993
f 810//2994 858//2995 815//2996
f 815//2997 858//2998 859//2999
f 815//3000 859//3001 816//3002
f 816//3003 859//3004 797//3005
f 848//3006 846//3007 816//3008
f 816//3009 846//3010 815//3011
f 771//3012 797//3013 860//3014
f 860//3015 797//3016 859//3017
f 771//3018 860//3019 769//3020
f 769//3021 860//3022 866//3023
f 769//3024 866//3025 777//3026
f 777//3027 866//3028 778//3029
f 875//3030 878//3031 777//3032
f 777//3033 878//3034 769//3035
s 26
f 937//3036 768//3037 944//3038
f 944//3038 768//3037 767//3039
f 944//3038 767//3039 945//3040
f 945//3040 767//3039 946//3041
f 945//3040 946//3041 947//3042
f 947//3042 946//3041 948//3043
f 947//3042 948//3043 949//3044
f 949//3044 948//3043 950//3045
f 949//3044 950//3045 951//3046
f 951//3046 950//3045 952//3047
f 951//3046 952//3047 953//3048
f 953//3048 952//3047 954//3049
f 953//3048 954//3049 955//3050
f 955//3050 954//3049 956//3051
f 955//3050 956//3051 957//3052
f 957//3052 956//3051 958//3053
f 957//3052 958//3053 959//3054
f 959//3054 958//3053 960//3055
f 959//3054 960//3055 961//3056
f 961//3056 960//3055 962//3057
f 961//3056 962//3057 963//3058
f 963//3058 962//3057 964//3059
f 963//3058 964//3059 965//3060
f 965//3060 964//3059 966//3061
f 965//3060 966//3061 967//3062
f 967//3062 966//3061 968//3063
f 967//3062 968//3063 969//3064
f 969//3064 968//3063 970//3065
f 969//3064 970//3065 971//3066
f 971//3066 970//3065 972//3067
f 971//3066 972//3067 973//3068
f 973//3068 972//3067 974//3069
f 973//3068 974//3069 975//3070
f 975//3070 974//3069 976//3071
f 976//3071 974//3069 977//3072
f 976//3071 977//3072 978//3073
f 978//3073 977//3072 979//3074
f 978//3073 979//3074 980//3075
f 980//3075 979//3074 981//3076
f 980//3075 981//3076 982//3077
f 982//3077 981//3076 983//3078
f 982//3077 983//3078 984//3079
f 984//3079 983//3078 985//3080
f 984//3079 985//3080 986//3081
f 986//3081 985//3080 987//3082
f 986//3081 987//3082 988//3083
f 988//3083 987//3082 989//3084
f 988//3083 989//3084 990//3085
f 990//3085 989//3084 991//3086
f 990//3085 991//3086 992//3087
f 992//3087 991//3086 993//3088
f 992//3087 993//3088 994//3089
f 994//3089 993//3088 995//3090
f 994//3089 995//3090 996//3091
f 996//3091 995//3090 997//3092
f 996//3091 997//3092 998//3093
f 998//3093 997//3092 999//3094
f 998//3093 999//3094 1000//3095
f 1000//3095 999//3094 1001//3096
f 1000//3095 1001//3096 1002//3097
f 1002//3097 1001//3096 1003//3098
f 1002//3097 1003//3098 1004//3099
f 1004//3099 1003//3098 1005//3100
f 1004//3099 1005//3100 762//3101
f 762//3101 1005//3100 1006//3102
f 762//3101 1006//3102 1007//3103
f 1007//3103 1006//3102 1008//3104
f 1007//3103 1008//3104 1009//3105
f 1009//3105 1008//3104 1010//3106
f 1009//3105 1010//3106 1011//3107
f 1011//3107 1010//3106 1012//3108
f 1011//3107 1012//3108 1013//3109
f 1013//3109 1012//3108 1014//3110
f 1013//3109 1014//3110 1015//3111
f 1015//3111 1014//3110 1016//3112
f 1015//3111 1016//3112 1017//3113
f 1017//3113 1016//3112 1018//3114
f 1017//3113 1018//3114 1019//3115
f 1019//3115 1018//3114 1020//3116
f 1019//3115 1020//3116 1021//3117
f 1021//3117 1020//3116 1022//3118
f 1021//3117 1022//3118 1023//3119
f 1023//3119 1022//3118 1024//3120
f 1023//3119 1024//3120 1025//3121
f 1025//3121 1024//3120 1026//3122
f 1025//3121 1026//3122 1027//3123
f 1027//3123 1026//3122 1028//3124
f 1027//3123 1028//3124 1029//3125
f 1029//3125 1028//3124 1030//3126
f 1029//3125 1030//3126 970//3065
f 970//3065 1030//3126 972//3067
f 767//3039 765//3127 946//3041
f 946//3041 765//3127 1031//3128
f 946//3041 1031//3128 948//3043
f 948//3043 1031//3128 1032//3129
f 948//3043 1032//3129 950//3045
f 950//3045 1032//3129 1033//3130
f 950//3045 1033//3130 952//3047
f 952//3047 1033//3130 1034//3131
f 952//3047 1034//3131 954//3049
f 954//3049 1034//3131 1035//3132
f 954//3049 1035//3132 956//3051
f 956//3051 1035//3132 1036//3133
f 956//3051 1036//3133 958//3053
f 958//3053 1036//3133 1037//3134
f 958//3053 1037//3134 960//3055
f 960//3055 1037//3134 1038//3135
f 960//3055 1038//3135 962//3057
f 962//3057 1038//3135 1039//3136
f 962//3057 1039//3136 964//3059
f 964//3059 1039//3136 1040//3137
f 964//3059 1040//3137 966//3061
f 966//3061 1040//3137 1041//3138
f 966//3061 1041//3138 968//3063
f 968//3063 1041//3138 1029//3125
f 968//3063 1029//3125 970//3065
f 763//3139 1042//3140 765//3127
f 765//3127 1042//3140 1043//3141
f 765//3127 1043//3141 1044//3142
f 1044//3142 1043//3141 1045//3143
f 1044//3142 1045//3143 1032//3129
f 1032//3129 1045//3143 1033//3130
f 762//3101 1046//3144 763//3139
f 763//3139 1046//3144 1047//3145
f 763//3139 1047//3145 1048//3146
f 1048//3146 1047//3145 1049//3147
f 1048//3146 1049//3147 1050//3148
f 1050//3148 1049//3147 1051//3149
f 1050//3148 1051//3149 1052//3150
f 1052//3150 1051//3149 1053//3151
f 1052//3150 1053//3151 1054//3152
f 1054//3152 1053//3151 1055//3153
f 1054//3152 1055//3153 1056//3154
f 1056//3154 1055//3153 1057//3155
f 1056//3154 1057//3155 1058//3156
f 1058//3156 1057//3155 1059//3157
f 1058//3156 1059//3157 1060//3158
f 1060//3158 1059//3157 1061//3159
f 1060//3158 1061//3159 1062//3160
f 1062//3160 1061//3159 1063//3161
f 1062//3160 1063//3161 1039//3136
f 1039//3136 1063//3161 1040//3137
f 1004//3099 1064//3162 1002//3097
f 1002//3097 1064//3162 1065//3163
f 1002//3097 1065//3163 1000//3095
f 1000//3095 1065//3163 1066//3164
f 1000//3095 1066//3164 998//3093
f 998//3093 1066//3164 1067//3165
f 998//3093 1067//3165 996//3091
f 996//3091 1067//3165 1068//3166
f 996//3091 1068//3166 994//3089
f 994//3089 1068//3166 1069//3167
f 994//3089 1069//3167 992//3087
f 992//3087 1069//3167 1070//3168
f 992//3087 1070//3168 990//3085
f 990//3085 1070//3168 1071//3169
f 990//3085 1071//3169 988//3083
f 988//3083 1071//3169 1072//3170
f 988//3083 1072//3170 986//3081
f 986//3081 1072//3170 1073//3171
f 986//3081 1073//3171 984//3079
f 984//3079 1073//3171 1074//3172
f 984//3079 1074//3172 982//3077
f 982//3077 1074//3172 1075//3173
f 982//3077 1075//3173 980//3075
f 980//3075 1075//3173 1076//3174
f 980//3075 1076//3174 978//3073
f 978//3073 1076//3174 976//3071
f 1065//3163 1064//3162 1077//3175
f 1077//3175 1064//3162 1078//3176
f 1077//3175 1078//3176 1079//3177
f 1079//3177 1078//3176 1080//3178
f 1079//3177 1080//3178 1081//3179
f 1081//3179 1080//3178 1082//3180
f 1081//3179 1082//3180 1083//3181
f 1083//3181 1082//3180 1084//3182
f 1083//3181 1084//3182 1085//3183
f 1085//3183 1084//3182 1086//3184
f 1085//3183 1086//3184 1087//3185
f 1087//3185 1086//3184 1088//3186
f 1087//3185 1088//3186 1089//3187
f 1089//3187 1088//3186 1090//3188
f 1089//3187 1090//3188 1091//3189
f 1091//3189 1090//3188 1092//3190
f 1091//3189 1092//3190 1093//3191
f 1093//3191 1092//3190 1094//3192
f 1093//3191 1094//3192 1095//3193
f 1095//3193 1094//3192 1096//3194
f 1095//3193 1096//3194 1097//3195
f 1097//3195 1096//3194 1098//3196
f 1097//3195 1098//3196 1099//3197
f 1099//3197 1098//3196 976//3071
f 1099//3197 976//3071 1076//3174
f 1078//3176 1100//3198 1080//3178
f 1080//3178 1100//3198 1101//3199
f 1080//3178 1101//3199 1082//3180
f 1082//3180 1101//3199 1102//3200
f 1082//3180 1102//3200 1084//3182
f 1084//3182 1102//3200 1103//3201
f 1084//3182 1103//3201 1086//3184
f 1086//3184 1103//3201 1104//3202
f 1086//3184 1104//3202 1088//3186
f 1088//3186 1104//3202 1105//3203
f 1088//3186 1105//3203 1090//3188
f 1090//3188 1105//3203 1106//3204
f 1090//3188 1106//3204 1092//3190
f 1092//3190 1106//3204 1107//3205
f 1092//3190 1107//3205 1094//3192
f 1094//3192 1107//3205 1108//3206
f 1094//3192 1108//3206 1096//3194
f 1096//3194 1108//3206 1098//3196
f 1109//3207 1110//3208 1100//3198
f 1100//3198 1110//3208 1111//3209
f 1100//3198 1111//3209 1101//3199
f 1101//3199 1111//3209 1102//3200
f 1112//3210 1113//3211 1109//3207
f 1109//3207 1113//3211 1114//3212
f 1109//3207 1114//3212 1115//3213
f 1115//3213 1114//3212 1116//3214
f 1115//3213 1116//3214 1117//3215
f 1117//3215 1116//3214 1118//3216
f 1117//3215 1118//3216 1119//3217
f 1119//3217 1118//3216 1120//3218
f 1119//3217 1120//3218 1121//3219
f 1121//3219 1120//3218 1122//3220
f 1121//3219 1122//3220 1105//3203
f 1105//3203 1122//3220 1106//3204
f 1098//3196 1123//3221 1112//3210
f 1112//3210 1123//3221 1124//3222
f 1112//3210 1124//3222 1125//3223
f 1125//3223 1124//3222 1126//3224
f 1125//3223 1126//3224 1113//3211
f 1113//3211 1126//3224 1114//3212
f 973//3068 975//3070 1127//3225
f 1127//3225 975//3070 938//3226
f 1127//3225 938//3226 1128//3227
f 1128//3227 938//3226 939//3228
f 1128//3227 939//3228 1129//3229
f 1129//3229 939//3228 1130//3230
f 1129//3229 1130//3230 967//3062
f 967//3062 1130//3230 965//3060
f 940//3231 1131//3232 939//3228
f 939//3228 1131//3232 1132//3233
f 939//3228 1132//3233 1130//3230
f 1130//3230 1132//3233 965//3060
f 941//3234 1133//3235 940//3231
f 940//3231 1133//3235 1134//3236
f 940//3231 1134//3236 1135//3237
f 1135//3237 1134//3236 959//3054
f 1135//3237 959//3054 961//3056
f 936//3238 1136//3239 941//3234
f 941//3234 1136//3239 1137//3240
f 941//3234 1137//3240 1138//3241
f 1138//3241 1137//3240 951//3046
f 1138//3241 951//3046 953//3048
f 937//3036 944//3038 936//3238
f 936//3238 944//3038 1139//3242
f 936//3238 1139//3242 1136//3239
f 1136//3239 1139//3242 947//3042
f 1136//3239 947//3042 949//3044
f 1113//3211 1112//3210 1140//3243
f 1140//3243 1112//3210 1125//3223
f 1140//3243 1125//3223 1113//3211
f 1109//3207 1115//3213 1141//3244
f 1141//3244 1115//3213 1117//3215
f 1141//3244 1117//3215 1142//3245
f 1142//3245 1117//3215 1119//3217
f 1142//3245 1119//3217 1143//3246
f 1143//3246 1119//3217 1121//3219
f 1143//3246 1121//3219 1104//3202
f 1104//3202 1121//3219 1105//3203
f 1109//3207 1141//3244 1110//3208
f 1110//3208 1141//3244 1142//3245
f 1110//3208 1142//3245 1144//3247
f 1144//3247 1142//3245 1143//3246
f 1144//3247 1143//3246 1103//3201
f 1103//3201 1143//3246 1104//3202
f 940//3231 1135//3237 1131//3232
f 1131//3232 1135//3237 961//3056
f 1131//3232 961//3056 963//3058
f 941//3234 1138//3241 1145//3248
f 1145//3248 1138//3241 953//3048
f 1145//3248 953//3048 955//3050
f 1046//3144 762//3101 1007//3103
f 1006//3102 1005//3100 1146//3249
f 1146//3249 1005//3100 1003//3098
f 1146//3249 1003//3098 1001//3096
f 1007//3103 1009//3105 1046//3144
f 1046//3144 1009//3105 1147//3250
f 1046//3144 1147//3250 1047//3145
f 1047//3145 1147//3250 1049//3147
f 1048//3146 1148//3251 763//3139
f 763//3139 1148//3251 1149//3252
f 763//3139 1149//3252 1150//3253
f 1150//3253 1149//3252 1151//3254
f 1150//3253 1151//3254 1152//3255
f 1152//3255 1151//3254 1153//3256
f 1152//3255 1153//3256 1154//3257
f 1154//3257 1153//3256 1155//3258
f 1154//3257 1155//3258 1156//3259
f 1156//3259 1155//3258 1157//3260
f 1156//3259 1157//3260 1158//3261
f 1158//3261 1157//3260 1159//3262
f 1158//3261 1159//3262 1036//3133
f 1036//3133 1159//3262 1037//3134
f 1048//3146 1050//3148 1148//3251
f 1148//3251 1050//3148 1160//3263
f 1148//3251 1160//3263 1149//3252
f 1149//3252 1160//3263 1151//3254
f 1042//3140 763//3139 1161//3264
f 1161//3264 763//3139 1150//3253
f 1161//3264 1150//3253 1152//3255
f 1042//3140 1161//3264 1162//3265
f 1162//3265 1161//3264 1152//3255
f 1162//3265 1152//3255 1154//3257
f 1031//3128 765//3127 1044//3142
f 1043//3141 1042//3140 1163//3266
f 1163//3266 1042//3140 1162//3265
f 1163//3266 1162//3265 1164//3267
f 1164//3267 1162//3265 1154//3257
f 1164//3267 1154//3257 1156//3259
f 1032//3129 1031//3128 1044//3142
f 1139//3242 944//3038 945//3040
f 1139//3242 945//3040 947//3042
f 1001//3096 1165//3268 1146//3249
f 1146//3249 1165//3268 1008//3104
f 1146//3249 1008//3104 1006//3102
f 1008//3104 1165//3268 1010//3106
f 1010//3106 1165//3268 1166//3269
f 1010//3106 1166//3269 1012//3108
f 1012//3108 1166//3269 1167//3270
f 1012//3108 1167//3270 1014//3110
f 1014//3110 1167//3270 1168//3271
f 1014//3110 1168//3271 1016//3112
f 1016//3112 1168//3271 1169//3272
f 1016//3112 1169//3272 1018//3114
f 1018//3114 1169//3272 1170//3273
f 1018//3114 1170//3273 1020//3116
f 1020//3116 1170//3273 1171//3274
f 1020//3116 1171//3274 1022//3118
f 1022//3118 1171//3274 1172//3275
f 1022//3118 1172//3275 1024//3120
f 1024//3120 1172//3275 1173//3276
f 1024//3120 1173//3276 1026//3122
f 1026//3122 1173//3276 1174//3277
f 1026//3122 1174//3277 1028//3124
f 1028//3124 1174//3277 1175//3278
f 1028//3124 1175//3278 1030//3126
f 1030//3126 1175//3278 1176//3279
f 1030//3126 1176//3279 972//3067
f 972//3067 1176//3279 974//3069
f 1166//3269 1165//3268 999//3094
f 999//3094 1165//3268 1001//3096
f 1147//3250 1009//3105 1011//3107
f 1049//3147 1147//3250 1177//3280
f 1177//3280 1147//3250 1011//3107
f 1177//3280 1011//3107 1013//3109
f 1049//3147 1177//3280 1051//3149
f 1051//3149 1177//3280 1178//3281
f 1051//3149 1178//3281 1053//3151
f 1053//3151 1178//3281 1179//3282
f 1053//3151 1179//3282 1055//3153
f 1055//3153 1179//3282 1180//3283
f 1055//3153 1180//3283 1057//3155
f 1057//3155 1180//3283 1181//3284
f 1057//3155 1181//3284 1059//3157
f 1059//3157 1181//3284 1182//3285
f 1059//3157 1182//3285 1061//3159
f 1061//3159 1182//3285 1183//3286
f 1061//3159 1183//3286 1063//3161
f 1063//3161 1183//3286 1184//3287
f 1063//3161 1184//3287 1040//3137
f 1040//3137 1184//3287 1041//3138
f 1178//3281 1177//3280 1013//3109
f 1160//3263 1050//3148 1052//3150
f 1151//3254 1160//3263 1185//3288
f 1185//3288 1160//3263 1052//3150
f 1185//3288 1052//3150 1054//3152
f 1151//3254 1185//3288 1153//3256
f 1153//3256 1185//3288 1186//3289
f 1153//3256 1186//3289 1155//3258
f 1155//3258 1186//3289 1187//3290
f 1155//3258 1187//3290 1157//3260
f 1157//3260 1187//3290 1188//3291
f 1157//3260 1188//3291 1159//3262
f 1159//3262 1188//3291 1189//3292
f 1159//3262 1189//3292 1037//3134
f 1037//3134 1189//3292 1038//3135
f 1186//3289 1185//3288 1054//3152
f 1164//3267 1190//3293 1163//3266
f 1163//3266 1190//3293 1045//3143
f 1163//3266 1045//3143 1043//3141
f 1034//3131 1033//3130 1190//3293
f 1190//3293 1033//3130 1045//3143
f 1190//3293 1164//3267 1191//3294
f 1191//3294 1164//3267 1156//3259
f 1191//3294 1156//3259 1158//3261
f 1137//3240 1136//3239 949//3044
f 1137//3240 949//3044 951//3046
f 1065//3163 1077//3175 1066//3164
f 1066//3164 1077//3175 1192//3295
f 1066//3164 1192//3295 1067//3165
f 1067//3165 1192//3295 1193//3296
f 1067//3165 1193//3296 1068//3166
f 1068//3166 1193//3296 1194//3297
f 1068//3166 1194//3297 1069//3167
f 1069//3167 1194//3297 1195//3298
f 1069//3167 1195//3298 1070//3168
f 1070//3168 1195//3298 1196//3299
f 1070//3168 1196//3299 1071//3169
f 1071//3169 1196//3299 1197//3300
f 1071//3169 1197//3300 1072//3170
f 1072//3170 1197//3300 1198//3301
f 1072//3170 1198//3301 1073//3171
f 1073//3171 1198//3301 1199//3302
f 1073//3171 1199//3302 1074//3172
f 1074//3172 1199//3302 1200//3303
f 1074//3172 1200//3303 1075//3173
f 1075//3173 1200//3303 1099//3197
f 1075//3173 1099//3197 1076//3174
f 1166//3269 999//3094 997//3092
f 1166//3269 997//3092 1167//3270
f 1167//3270 997//3092 995//3090
f 1167//3270 995//3090 1168//3271
f 1168//3271 995//3090 993//3088
f 1168//3271 993//3088 1169//3272
f 1169//3272 993//3088 991//3086
f 1169//3272 991//3086 1170//3273
f 1170//3273 991//3086 989//3084
f 1170//3273 989//3084 1171//3274
f 1171//3274 989//3084 987//3082
f 1171//3274 987//3082 1172//3275
f 1172//3275 987//3082 985//3080
f 1172//3275 985//3080 1173//3276
f 1173//3276 985//3080 983//3078
f 1173//3276 983//3078 1174//3277
f 1174//3277 983//3078 981//3076
f 1174//3277 981//3076 1175//3278
f 1175//3278 981//3076 979//3074
f 1175//3278 979//3074 1176//3279
f 1176//3279 979//3074 977//3072
f 1176//3279 977//3072 974//3069
f 1178//3281 1013//3109 1015//3111
f 1178//3281 1015//3111 1179//3282
f 1179//3282 1015//3111 1017//3113
f 1179//3282 1017//3113 1180//3283
f 1180//3283 1017//3113 1019//3115
f 1180//3283 1019//3115 1181//3284
f 1181//3284 1019//3115 1021//3117
f 1181//3284 1021//3117 1182//3285
f 1182//3285 1021//3117 1023//3119
f 1182//3285 1023//3119 1183//3286
f 1183//3286 1023//3119 1025//3121
f 1183//3286 1025//3121 1184//3287
f 1184//3287 1025//3121 1027//3123
f 1184//3287 1027//3123 1041//3138
f 1041//3138 1027//3123 1029//3125
f 1186//3289 1054//3152 1056//3154
f 1186//3289 1056//3154 1187//3290
f 1187//3290 1056//3154 1058//3156
f 1187//3290 1058//3156 1188//3291
f 1188//3291 1058//3156 1060//3158
f 1188//3291 1060//3158 1189//3292
f 1189//3292 1060//3158 1062//3160
f 1189//3292 1062//3160 1038//3135
f 1038//3135 1062//3160 1039//3136
f 1158//3261 1035//3132 1191//3294
f 1191//3294 1035//3132 1034//3131
f 1191//3294 1034//3131 1190//3293
f 1035//3132 1158//3261 1036//3133
f 941//3234 1145//3248 1133//3235
f 1133//3235 1145//3248 955//3050
f 1133//3235 955//3050 957//3052
f 1079//3177 1081//3179 1192//3295
f 1192//3295 1081//3179 1193//3296
f 1194//3297 1193//3296 1083//3181
f 1083//3181 1193//3296 1081//3179
f 1134//3236 1133//3235 957//3052
f 1134//3236 957//3052 959//3054
f 1077//3175 1079//3177 1192//3295
f 1110//3208 1144//3247 1111//3209
f 1111//3209 1144//3247 1102//3200
f 1194//3297 1083//3181 1085//3183
f 1144//3247 1103//3201 1102//3200
f 1194//3297 1085//3183 1195//3298
f 1195//3298 1085//3183 1087//3185
f 1195//3298 1087//3185 1196//3299
f 1196//3299 1087//3185 1089//3187
f 1196//3299 1089//3187 1197//3300
f 1197//3300 1089//3187 1091//3189
f 1197//3300 1091//3189 1198//3301
f 1198//3301 1091//3189 1093//3191
f 1198//3301 1093//3191 1199//3302
f 1199//3302 1093//3191 1095//3193
f 1199//3302 1095//3193 1200//3303
f 1200//3303 1095//3193 1097//3195
f 1200//3303 1097//3195 1099//3197
f 1114//3212 1126//3224 1116//3214
f 1116//3214 1126//3224 1201//3304
f 1116//3214 1201//3304 1118//3216
f 1118//3216 1201//3304 1202//3305
f 1118//3216 1202//3305 1120//3218
f 1120//3218 1202//3305 1203//3306
f 1120//3218 1203//3306 1122//3220
f 1122//3220 1203//3306 1204//3307
f 1122//3220 1204//3307 1106//3204
f 1106//3204 1204//3307 1107//3205
f 1128//3227 1129//3229 969//3064
f 969//3064 1129//3229 967//3062
f 1128//3227 969//3064 971//3066
f 971//3066 973//3068 1127//3225
f 1128//3227 971//3066 1127//3225
f 1108//3206 1205//3308 1098//3196
f 1098//3196 1205//3308 1206//3309
f 1098//3196 1206//3309 1207//3310
f 1207//3310 1206//3309 1203//3306
f 1207//3310 1203//3306 1202//3305
f 1108//3206 1107//3205 1205//3308
f 1205//3308 1107//3205 1204//3307
f 1205//3308 1204//3307 1206//3309
f 1206//3309 1204//3307 1203//3306
f 1123//3221 1098//3196 1207//3310
f 1207//3310 1202//3305 1123//3221
f 1123//3221 1202//3305 1201//3304
f 1123//3221 1201//3304 1124//3222
f 1124//3222 1201//3304 1126//3224
f 1132//3233 1131//3232 963//3058
f 1132//3233 963//3058 965//3060
s off
f 1112//3311 1109//3312 796//3313
f 796//3314 1109//3315 1100//3316
f 796//3317 1100//3318 1078//3319
f 1078//3320 1064//3321 796//3322
f 796//3323 1064//3324 1004//3325
s 34
f 796//3326 1004//3327 764//3328
f 764//3328 1004//3327 762//3329
s off
f 776//3330 775//3331 1208//3332
f 1208//3333 775//3334 1209//3335
f 772//3336 776//3337 1210//3338
f 1210//3339 776//3340 1208//3341
f 775//3342 780//3343 1209//3344
f 1209//3345 780//3346 1211//3347
f 863//3348 853//3349 1212//3350
f 1212//3351 853//3352 943//3353
f 850//3354 1208//3355 871//3356
f 871//3357 1208//3358 1209//3359
f 871//3360 1209//3361 1213//3362
f 1213//3363 1209//3364 1211//3365
f 1208//3366 850//3367 1210//3368
f 1210//3369 850//3370 849//3371
f 1210//3372 849//3373 1112//3374
f 1112//3375 849//3376 1098//3377
f 1098//3378 849//3379 976//3380
f 976//3381 849//3382 870//3383
f 976//3384 870//3385 975//3386
f 975//3387 870//3388 942//3389
f 975//3390 942//3391 938//3392
f 869//3393 874//3394 870//3395
f 870//3396 874//3397 943//3398
f 870//3399 943//3400 942//3401
f 874//3402 873//3403 943//3404
f 943//3405 873//3406 1212//3407
f 1212//3408 873//3409 871//3410
f 1212//3411 871//3412 1213//3413
f 873//3414 872//3415 871//3416
f 792//3417 885//3418 796//3419
f 796//3420 885//3421 1112//3422
f 1112//3423 885//3424 886//3425
f 1112//3426 886//3427 935//3428
f 935//3429 886//3430 934//3431
f 934//3432 886//3433 933//3434
f 1112//3435 935//3436 1210//3437
f 1210//3438 935//3439 887//3440
f 1210//3441 887//3442 772//3443
f 772//3444 887//3445 773//3446
f 782//3447 783//3448 863//3449
f 863//3450 783//3451 864//3452
f 1212//3453 1213//3454 863//3455
f 863//3456 1213//3457 779//3458
f 863//3459 779//3460 782//3461
f 781//3462 778//3463 865//3464
f 865//3465 778//3466 866//3467
f 783//3468 781//3469 864//3470
f 864//3471 781//3472 865//3473
f 780//3474 779//3475 1211//3476
f 1211//3477 779//3478 1213//3479
s 6
f 295//1588 205//1589 293//1590
f 293//1590 205//1589 206//1591
s 2
f 240//1350 269//1349 265//3480
s 3
f 265//1354 260//3481 364//1355
s 4
f 201//1429 313//1430 294//1428
f 204//1427 294//1428 291//1426
